"from","to","weight","year"
"BLR","ARE",0.0199,2017
"ALB","AUT",0.338178,2017
"ALB","CHE",0.338178,2017
"ALB","CYP",0.112726,2017
"ALB","CZE",0.789082,2017
"ALB","DEU",1.014534,2017
"ALB","FRA",0.112726,2017
"ALB","GBR",0.225452,2017
"ALB","GRC",0.225452,2017
"ALB","HRV",0.225452,2017
"ALB","HUN",0.112726,2017
"ALB","IRL",0.225452,2017
"ALB","ITA",1.916341,2017
"ALB","MLT",0.112726,2017
"ALB","POL",0.338178,2017
"ALB","ROU",0.112726,2017
"ALB","TWN",0.112726,2017
"ALB","USA",0.225452,2017
"ISR","AGO",0.3,2017
"BGR","ARG",0.112726,2017
"ARG","BOL",0.1,2017
"ARG","BRA",0.1,2017
"ARG","CHE",6.4,2017
"ARG","CHL",0.6,2017
"COL","ARG",4.84,2017
"ARG","DEU",0.1,2017
"ARG","ECU",0.2,2017
"ESP","ARG",0.054519,2017
"ARG","FRA",0.1,2017
"ARG","GBR",1.2,2017
"GRC","ARG",0.112726,2017
"ARG","ITA",1,2017
"ARG","MEX",0.4,2017
"ARG","NLD",0.2,2017
"ARG","PER",0.1,2017
"ARG","PRY",0.1,2017
"SWE","ARG",0.112726,2017
"ARG","USA",9.2,2017
"ARG","URY",0.8,2017
"BGR","AUT",18.036152,2017
"BLR","AUT",0.0295,2017
"AUT","CHE",33.817784,2017
"AUT","CZE",1.352711,2017
"AUT","DEU",83.38965,2017
"DNK","AUT",3.719957,2017
"AUT","ESP",2.254519,2017
"AUT","FRA",2.254519,2017
"AUT","GBR",32.990233,2017
"GRC","AUT",0.112726,2017
"AUT","HUN",3.269053,2017
"AUT","IRL",5.636297,2017
"AUT","ITA",1.916341,2017
"AUT","JPN",1.127259,2017
"NLD","AUT",19.388863,2017
"POL","AUT",6.538105,2017
"AUT","PRT",1.127259,2017
"ROU","AUT",7.552639,2017
"SWE","AUT",1.916341,2017
"AUT","SGP",2.254519,2017
"SVN","AUT",2.367245,2017
"SVK","AUT",15.894359,2017
"AUT","TUR",1.127259,2017
"AUT","USA",31.872012,2017
"BGR","AUS",2.479971,2017
"BLR","AUS",0.0011,2017
"DEU","AUS",7.9,2017
"DNK","AUS",0.789082,2017
"GBR","AUS",155.7,2017
"ITA","AUS",0.789082,2017
"NZL","AUS",10.1,2017
"POL","AUS",0.789082,2017
"ROU","AUS",1.014534,2017
"SWE","AUS",2.254519,2017
"SVN","AUS",0.112726,2017
"USA","AUS",443,2017
"BLR","AZE",0.004,2017
"BGR","BEL",2.930875,2017
"BLR","BEL",0.7606,2017
"COL","BEL",0.43,2017
"BEL","DEU",2.14504400000001,2017
"BEL","DNK",0.901807,2017
"ESP","BEL",24.799708,2017
"FIN","BEL",1.127259,2017
"GBR","BEL",48.9,2017
"BEL","GRC",0.789081,2017
"HUN","BEL",0.338178,2017
"BEL","ITA",4.17086,2017
"BEL","KOR",2.254519,2017
"NLD","BEL",10.934417,2017
"BEL","POL",0.56363,2017
"ROU","BEL",12.625306,2017
"SWE","BEL",0.225452,2017
"USA","BEL",41,2017
"BEL","ZAF",1.127259,2017
"BGR","BRA",0.225452,2017
"BLR","BGR",0.0005,2017
"BGR","CAN",1.465437,2017
"BGR","CHE",4.283586,2017
"BGR","CYP",17.24707,2017
"BGR","CZE",0.450904,2017
"BGR","DEU",4.73449,2017
"BGR","DNK",0.225452,2017
"BGR","ESP",7.101735,2017
"BGR","FIN",0.112726,2017
"BGR","FRA",5.523571,2017
"BGR","GBR",40.468615,2017
"GRC","BGR",0.789081,2017
"BGR","HKG",0.225452,2017
"BGR","HRV",0.789082,2017
"BGR","HUN",6.650831,2017
"BGR","IRL",7.890816,2017
"BGR","ITA",2.818149,2017
"LTU","BGR",0.225452,2017
"BGR","LUX",1.803615,2017
"BGR","MLT",3.60723,2017
"BGR","MEX",0.112726,2017
"BGR","MYS",0.112726,2017
"BGR","NLD",14.879825,2017
"BGR","NOR",0.112726,2017
"POL","BGR",0.112726,2017
"BGR","PRT",0.338178,2017
"ROU","BGR",1.803615,2017
"BGR","RUS",0.56363,2017
"BGR","SWE",0.450904,2017
"BGR","SGP",0.901808,2017
"BGR","SVK",9.356254,2017
"BGR","USA",50.995729,2017
"BGR","ZAF",1.803615,2017
"USA","BHR",21,2017
"USA","BMU",9,2017
"USA","BRN",1,2017
"COL","BOL",0.65,2017
"COL","BRA",4.48,2017
"DEU","BRA",6.8,2017
"DNK","BRA",0.112726,2017
"ESP","BRA",1.127259,2017
"GBR","BRA",21.9,2017
"ITA","BRA",0.338178,2017
"PRT","BRA",1.127259,2017
"SWE","BRA",0.450904,2017
"USA","BRA",166,2017
"BLR","BLZ",0.0143,2017
"BLR","CHE",0.212,2017
"BLR","CHN",0.0483,2017
"BLR","CYP",0.2163,2017
"BLR","CZE",0.6399,2017
"BLR","DEU",0.1377,2017
"BLR","DNK",0.0046,2017
"BLR","EST",0.1824,2017
"BLR","FIN",0.001,2017
"BLR","FRA",0.1577,2017
"BLR","GBR",1.0282,2017
"BLR","GRC",0.0242,2017
"BLR","HKG",0.6106,2017
"BLR","HRV",0.0145,2017
"BLR","HUN",0.1057,2017
"BLR","IRL",0.0001,2017
"BLR","ISR",0.1653,2017
"BLR","IND",0.0439,2017
"BLR","IRN",0.0002,2017
"BLR","ITA",0.079,2017
"BLR","JPN",0.0013,2017
"BLR","KGZ",0.003,2017
"BLR","KOR",0.0136,2017
"BLR","KAZ",0.036,2017
"BLR","LTU",0.3803,2017
"BLR","LUX",0.0004,2017
"BLR","LVA",0.1589,2017
"BLR","MDA",0.5451,2017
"BLR","MNG",0.0002,2017
"BLR","MLT",0.0043,2017
"BLR","NLD",0.1013,2017
"BLR","POL",0.3959,2017
"BLR","PSE",0.0205,2017
"BLR","PSE",0.0205,2017
"BLR","ROU",0.0334,2017
"BLR","SRB",0.0003,2017
"BLR","RUS",7.6136,2017
"BLR","SAU",0.0022,2017
"BLR","SYC",0.0301,2017
"BLR","SWE",0.0175,2017
"BLR","SGP",0.0002,2017
"BLR","SVN",0.0628,2017
"BLR","SVK",0.1337,2017
"BLR","TJK",0.0011,2017
"BLR","TUR",0.0124,2017
"BLR","UKR",0.451,2017
"BLR","USA",0.3648,2017
"BLR","UZB",0.0001,2017
"BLR","VCT",0.003,2017
"COL","CAN",2.96,2017
"CRI","CAN",29.969612,2017
"CZE","CAN",2.141793,2017
"DNK","CAN",0.450904,2017
"FIN","CAN",1.127259,2017
"GBR","CAN",57.9,2017
"HUN","CAN",0.112726,2017
"ITA","CAN",0.450904,2017
"POL","CAN",1.014534,2017
"ROU","CAN",3.945408,2017
"SWE","CAN",1.690889,2017
"SVN","CAN",0.112726,2017
"CAN","USA",20.2,2017
"COL","CHE",2.41,2017
"CRI","CHE",2.783762,2017
"CZE","CHE",2.141793,2017
"DNK","CHE",27.166953,2017
"EST","CHE",6.199927,2017
"FIN","CHE",2.254519,2017
"GBR","CHE",536.7,2017
"GRC","CHE",0.338178,2017
"HRV","CHE",4.509038,2017
"HUN","CHE",6.312653,2017
"ISR","CHE",28.4,2017
"ITA","CHE",24.236079,2017
"LTU","CHE",0.112726,2017
"POL","CHE",136.060219,2017
"PRT","CHE",12.399854,2017
"ROU","CHE",30.32328,2017
"SWE","CHE",15.668907,2017
"SVN","CHE",1.352711,2017
"SVK","CHE",4.959942,2017
"USA","CHE",202,2017
"COL","CHL",9.77,2017
"ESP","CHL",1.127259,2017
"GBR","CHL",7.7,2017
"ITA","CHL",0.112726,2017
"USA","CHL",30,2017
"FIN","CHN",1.127259,2017
"GBR","CHN",104.3,2017
"HUN","CHN",2.705423,2017
"ISR","CHN",0.1,2017
"ITA","CHN",0.338178,2017
"NZL","CHN",0.1,2017
"POL","CHN",0.789082,2017
"ROU","CHN",0.789082,2017
"SWE","CHN",2.141793,2017
"USA","CHN",188,2017
"COL","CRI",2.522079,2017
"COL","DEU",0.56,2017
"COL","DOM",4.41,2017
"COL","ECU",26.45,2017
"COL","ESP",21.96,2017
"COL","FRA",0.09,2017
"COL","GBR",2.1,2017
"COL","GTM",1.89,2017
"COL","HND",0.77,2017
"COL","IRL",0.92,2017
"COL","MEX",16.52,2017
"COL","NIC",0.31,2017
"COL","NLD",0.22,2017
"COL","PAN",9.16,2017
"COL","PER",10.37,2017
"COL","PRY",0.89,2017
"COL","SLV",2.94,2017
"COL","USA",7.26,2017
"COL","URY",0.33,2017
"COL","VEN",5.34,2017
"CRI","DEU",20.831807,2017
"CRI","ECU",0.561027,2017
"CRI","ESP",17.139226,2017
"CRI","GBR",36.994954,2017
"CRI","GTM",2.349885,2017
"CRI","HND",2.349885,2017
"CRI","IRL",91.737891,2017
"CRI","JPN",0.927921,2017
"CRI","MEX",1.657766,2017
"CRI","NIC",2.349885,2017
"CRI","NLD",43.18766,2017
"CRI","PAN",20.448882,2017
"CRI","SLV",2.349885,2017
"CRI","USA",864.386104,2017
"CRI","URY",0.496769,2017
"DNK","CYP",0.112726,2017
"GRC","CYP",5.636297,2017
"HUN","CYP",0.338178,2017
"ITA","CYP",0.225452,2017
"LTU","CYP",0.338178,2017
"LVA","CYP",2.254519,2017
"NLD","CYP",7.101735,2017
"POL","CYP",0.56363,2017
"ROU","CYP",6.425379,2017
"SWE","CYP",1.127259,2017
"SVN","CYP",0.450904,2017
"SVK","CYP",2.141793,2017
"USA","CYP",4,2017
"CZE","DEU",6.538105,2017
"CZE","DNK",5.749023,2017
"EST","CZE",0.112726,2017
"CZE","ESP",0.112726,2017
"CZE","FRA",0.225452,2017
"CZE","GBR",16.648805,2017
"GRC","CZE",0.676356,2017
"CZE","HRV",0.112726,2017
"CZE","HUN",0.338178,2017
"CZE","IRL",0.338178,2017
"CZE","ITA",0.676356,2017
"CZE","LUX",0.225452,2017
"CZE","MLT",0.338178,2017
"CZE","NLD",6.087201,2017
"CZE","POL",3.381778,2017
"ROU","CZE",2.029067,2017
"CZE","RUS",0.112726,2017
"SWE","CZE",3.832682,2017
"SVN","CZE",0.901808,2017
"SVK","CZE",7.101735,2017
"USA","CZE",8.305568,2017
"DNK","DEU",31.355889,2017
"EST","DEU",1.239985,2017
"ESP","DEU",45.090379,2017
"FIN","DEU",4.490816,2017
"DEU","FRA",124.3,2017
"DEU","GBR",16.9,2017
"DEU","GRC",0.383659,2017
"HRV","DEU",1.127259,2017
"DEU","HUN",0.825525,2017
"ISR","DEU",1.8,2017
"DEU","IND",18.1,2017
"ISL","DEU",0.225452,2017
"ITA","DEU",34.832318,2017
"DEU","JPN",15.8,2017
"LTU","DEU",0.450904,2017
"DEU","MLT",3.4,2017
"NLD","DEU",726.399784,2017
"POL","DEU",6.48344,2017
"PRT","DEU",3.381778,2017
"ROU","DEU",77.677216,2017
"DEU","RUS",28.2,2017
"SWE","DEU",21.643382,2017
"DEU","SGP",45.2,2017
"SVN","DEU",8.481706,2017
"SVK","DEU",51.695729,2017
"DEU","THA",1.1,2017
"DEU","TUR",5.6,2017
"DEU","TWN",1.1,2017
"USA","DEU",388,2017
"DEU","ZAF",11.3,2017
"DNK","EST",2.141793,2017
"DNK","ESP",18.148878,2017
"DNK","FIN",14.992551,2017
"DNK","FRA",3.381778,2017
"GBR","DNK",37.169198,2017
"GRC","DNK",0.112726,2017
"DNK","HUN",1.014533,2017
"DNK","IRL",0.338178,2017
"DNK","IND",0.112726,2017
"ISL","DNK",1.239985,2017
"DNK","ITA",46.781269,2017
"DNK","KOR",0.56363,2017
"DNK","LTU",1.690889,2017
"DNK","LUX",0.112726,2017
"LVA","DNK",0.112725,2017
"DNK","MLT",3.494504,2017
"DNK","MEX",0.112726,2017
"DNK","MYS",0.450904,2017
"DNK","NLD",8.679898,2017
"DNK","NOR",79.359067,2017
"POL","DNK",7.327187,2017
"DNK","PRT",0.450904,2017
"ROU","DNK",3.494504,2017
"DNK","SWE",35.734125,2017
"DNK","SGP",0.112726,2017
"DNK","SVN",0.338178,2017
"DNK","SVK",1.690889,2017
"DNK","THA",0.112726,2017
"DNK","TUR",3.832682,2017
"USA","DNK",29.261968,2017
"DNK","ZAF",0.338178,2017
"USA","DOM",2,2017
"EST","ESP",0.225452,2017
"FIN","EST",2.254519,2017
"EST","FRA",0.450904,2017
"EST","GBR",9.46898,2017
"EST","HKG",0.338178,2017
"EST","ITA",0.112726,2017
"EST","LTU",1.239985,2017
"LVA","EST",0.225451,2017
"EST","MLT",0.112726,2017
"NLD","EST",0.450904,2017
"EST","NOR",0.112726,2017
"POL","EST",0.112726,2017
"EST","RUS",0.225452,2017
"EST","SWE",2.029067,2017
"USA","EST",1.43637,2017
"GBR","EGY",11.6,2017
"GRC","EGY",0.338178,2017
"IRL","EGY",1.127259,2017
"ROU","EGY",2.254519,2017
"SWE","EGY",0.112726,2017
"FIN","ESP",1.127259,2017
"ESP","FRA",82.289942,2017
"GBR","ESP",4.41020399999999,2017
"GRC","ESP",0.338178,2017
"HUN","ESP",0.225452,2017
"ESP","IRL",25.926968,2017
"ISR","ESP",0.8,2017
"ESP","ITA",2.029067,2017
"LTU","ESP",0.112726,2017
"ESP","LUX",1.127259,2017
"ESP","MEX",14.654373,2017
"NLD","ESP",73.497318,2017
"POL","ESP",0.676356,2017
"ESP","PRT",2.254519,2017
"ROU","ESP",5.410845,2017
"SRB","ESP",1.127259,2017
"SWE","ESP",25.02516,2017
"SVK","ESP",0.450904,2017
"USA","ESP",31.237172,2017
"FIN","FRA",2.254519,2017
"GBR","FIN",56.6,2017
"GRC","FIN",3.043601,2017
"HUN","FIN",0.112726,2017
"FIN","IRL",3.381778,2017
"ISL","FIN",0.56363,2017
"ITA","FIN",0.112726,2017
"LTU","FIN",2.592697,2017
"FIN","LUX",1.127259,2017
"LVA","FIN",1.127259,2017
"NLD","FIN",11.498047,2017
"FIN","NOR",2.254519,2017
"FIN","POL",0.563629,2017
"ROU","FIN",6.425379,2017
"SWE","FIN",29.083295,2017
"FIN","SGP",2.254519,2017
"SVN","FIN",0.338178,2017
"USA","FIN",11.709329,2017
"GBR","FRA",217.5,2017
"GRC","FRA",13.527114,2017
"HUN","FRA",5.072668,2017
"ISR","FRA",3.5,2017
"ITA","FRA",11.94895,2017
"LTU","FRA",0.225452,2017
"NLD","FRA",478.296197,2017
"POL","FRA",3.945408,2017
"PRT","FRA",3.381778,2017
"ROU","FRA",5.410845,2017
"SWE","FRA",10.483513,2017
"SVN","FRA",0.338178,2017
"SVK","FRA",0.112726,2017
"USA","FRA",193.600874,2017
"GBR","GRC",1.056472,2017
"GBR","HKG",70.8,2017
"HRV","GBR",1.127259,2017
"GBR","HUN",5.850977,2017
"GBR","IDN",6.4,2017
"GBR","IRL",108.1,2017
"ISR","GBR",14.8,2017
"GBR","IND",51.5,2017
"GBR","IRN",5.1,2017
"ISL","GBR",3.381778,2017
"GBR","ITA",53.67723,2017
"GBR","JPN",130,2017
"GBR","KOR",52.8,2017
"LTU","GBR",0.789082,2017
"GBR","LUX",29.6,2017
"GBR","LVA",0.590961999999999,2017
"GBR","MEX",12.9,2017
"GBR","MYS",19.3,2017
"NLD","GBR",1100.704144,2017
"GBR","NOR",41.2,2017
"GBR","NZL",11.6,2017
"GBR","PHL",5.1,2017
"POL","GBR",69.989723,2017
"GBR","PRT",11.945481,2017
"ROU","GBR",69.968178,2017
"SRB","GBR",1.127259,2017
"GBR","RUS",56.6,2017
"GBR","SAU",19.3,2017
"GBR","SWE",40.033119,2017
"GBR","SGP",75.9,2017
"SVN","GBR",0.56363,2017
"SVK","GBR",1.458134,2017
"GBR","THA",12.9,2017
"GBR","TUR",29.6,2017
"GBR","TWN",15.4,2017
"GBR","UKR",3.9,2017
"GBR","USA",1413.4,2017
"GBR","ZAF",42.5,2017
"GRC","HUN",0.225452,2017
"GRC","IRL",27.054227,2017
"GRC","ITA",0.676356,2017
"GRC","LUX",0.56363,2017
"GRC","MLT",0.450904,2017
"NLD","GRC",1.803615,2017
"GRC","POL",0.225452,2017
"GRC","PRT",0.676356,2017
"ROU","GRC",5.974475,2017
"GRC","RUS",0.450904,2017
"GRC","SWE",1.127259,2017
"GRC","SVN",0.112726,2017
"GRC","THA",0.112726,2017
"GRC","TUR",2.367245,2017
"GRC","USA",5.749023,2017
"GRC","ZAF",0.225452,2017
"USA","GTM",1,2017
"HUN","HKG",0.225452,2017
"ISR","HKG",18.4,2017
"ITA","HKG",0.450904,2017
"POL","HKG",3.156327,2017
"ROU","HKG",0.450904,2017
"SWE","HKG",0.56363,2017
"SVN","HKG",0.338178,2017
"USA","HKG",157,2017
"USA","HND",1,2017
"HUN","HRV",0.789082,2017
"ITA","HRV",0.225452,2017
"HRV","POL",0.901807,2017
"SWE","HRV",0.450904,2017
"SVN","HRV",1.12726,2017
"HRV","USA",2.509038,2017
"HUN","IRL",0.676356,2017
"HUN","IND",1.014534,2017
"HUN","ITA",2.254519,2017
"HUN","JPN",12.850758,2017
"HUN","KOR",15.443455,2017
"HUN","LUX",1.690889,2017
"HUN","NLD",14.992551,2017
"HUN","NOR",0.112726,2017
"POL","HUN",0.450904,2017
"HUN","PRT",0.112726,2017
"ROU","HUN",7.778091,2017
"HUN","RUS",0.225452,2017
"HUN","SWE",0.225452,2017
"HUN","SGP",0.450904,2017
"SVN","HUN",0.112726,2017
"SVK","HUN",5.298119,2017
"HUN","TUR",1.014534,2017
"HUN","USA",20.959577,2017
"SWE","IDN",0.112726,2017
"USA","IDN",43,2017
"ISL","IRL",1.352711,2017
"ITA","IRL",7.439913,2017
"IRL","JPN",1.127259,2017
"LTU","IRL",2.592697,2017
"LVA","IRL",12.399854,2017
"NLD","IRL",29.308746,2017
"POL","IRL",2.592697,2017
"PRT","IRL",2.254519,2017
"ROU","IRL",36.523207,2017
"SWE","IRL",20.403397,2017
"SVN","IRL",18.599781,2017
"SVK","IRL",15.668907,2017
"ISR","ITA",6.2,2017
"ISR","NLD",0.1,2017
"ISR","POL",0.1,2017
"USA","ISR",57.3,2017
"ITA","IND",0.112726,2017
"POL","IND",4.283586,2017
"ROU","IND",0.450904,2017
"SWE","IND",1.690889,2017
"USA","IND",262,2017
"ISL","NLD",0.338178,2017
"ISL","NOR",0.450904,2017
"ISL","SWE",0.450904,2017
"ISL","USA",1.239985,2017
"ITA","JPN",0.112726,2017
"LTU","ITA",0.225452,2017
"ITA","LUX",6.538105,2017
"ITA","MAR",5.974475,2017
"ITA","MLT",0.225452,2017
"ITA","MYS",0.112726,2017
"NLD","ITA",56.250248,2017
"ITA","NOR",0.225452,2017
"POL","ITA",2.141793,2017
"PRT","ITA",1.014533,2017
"ROU","ITA",40.581341,2017
"SRB","ITA",1.127259,2017
"SWE","ITA",16.007084,2017
"ITA","SGP",0.338178,2017
"SVN","ITA",7.890816,2017
"ITA","SVK",1.127259,2017
"ITA","TUR",0.112726,2017
"ITA","TWN",0.112726,2017
"USA","ITA",148.175131,2017
"ITA","VEN",0.112726,2017
"USA","JOR",9,2017
"POL","JPN",0.56363,2017
"SWE","JPN",2.479971,2017
"USA","JPN",478,2017
"POL","KOR",0.225452,2017
"SWE","KOR",0.56363,2017
"SVN","KOR",0.112726,2017
"USA","KOR",138,2017
"LVA","LTU",1.352711,2017
"NLD","LTU",4.621763,2017
"LTU","NOR",3.832682,2017
"POL","LTU",0.450904,2017
"LTU","RUS",0.789082,2017
"LTU","SWE",0.901807,2017
"USA","LTU",1.745481,2017
"POL","LUX",7.101735,2017
"ROU","LUX",3.945408,2017
"SWE","LUX",1.916341,2017
"USA","LUX",17,2017
"NLD","LVA",1.014534,2017
"LVA","NOR",2.254519,2017
"POL","LVA",0.225452,2017
"LVA","RUS",5.636297,2017
"LVA","SWE",5.298119,2017
"USA","LVA",2,2017
"SWE","MAR",0.225452,2017
"USA","MAR",3,2017
"NLD","MLT",0.789082,2017
"POL","MLT",0.225452,2017
"ROU","MLT",6.650831,2017
"SWE","MLT",10.483513,2017
"SVN","MLT",0.112726,2017
"USA","MLT",3,2017
"ROU","MEX",0.225452,2017
"SWE","MEX",0.112726,2017
"USA","MEX",101,2017
"SWE","MYS",0.225452,2017
"USA","MYS",35,2017
"SWE","NGA",0.338178,2017
"USA","NGA",12,2017
"USA","NIC",1,2017
"NLD","NOR",3.60723,2017
"POL","NLD",26.377871,2017
"PRT","NLD",2.254519,2017
"ROU","NLD",4.621764,2017
"NLD","RUS",88.602595,2017
"NLD","SWE",42.384957,2017
"NLD","SGP",108.555088,2017
"NLD","SVN",1.014533,2017
"SVK","NLD",1.916341,2017
"USA","NLD",284,2017
"POL","NOR",1.578163,2017
"SWE","NOR",11.94895,2017
"USA","NOR",41,2017
"SWE","NZL",0.225452,2017
"NZL","SGP",0.1,2017
"USA","NZL",35.7,2017
"USA","OMN",28,2017
"USA","PAN",5,2017
"USA","PER",18,2017
"USA","PHL",48,2017
"POL","PRT",0.225452,2017
"ROU","POL",2.141793,2017
"POL","RUS",0.225452,2017
"POL","SWE",2.818149,2017
"POL","SGP",2.592697,2017
"SVN","POL",1.239985,2017
"SVK","POL",0.676355,2017
"POL","TUR",0.789082,2017
"POL","TWN",0.225452,2017
"POL","USA",7.999636,2017
"POL","ZAF",0.789082,2017
"ROU","PRT",0.450904,2017
"SWE","PRT",2.029067,2017
"USA","PRT",34.872741,2017
"ROU","RUS",0.450904,2017
"ROU","SWE",0.450903,2017
"ROU","SGP",0.450904,2017
"SVN","ROU",0.225452,2017
"ROU","TUR",2.029067,2017
"ROU","USA",78.518936,2017
"SRB","USA",1.127259,2017
"SWE","RUS",4.17086,2017
"SVN","RUS",3.945408,2017
"USA","RUS",118,2017
"USA","SAU",97,2017
"SWE","SGP",0.676356,2017
"SVN","SWE",0.225452,2017
"SWE","SVK",0.676356,2017
"SWE","THA",0.225452,2017
"SWE","TUR",3.043601,2017
"SWE","TWN",0.225452,2017
"USA","SWE",48.582434,2017
"SWE","ZAF",0.901808,2017
"USA","SGP",175,2017
"SVN","SVK",0.338178,2017
"SVN","USA",1.818149,2017
"USA","SVK",5.323644,2017
"USA","SLV",1,2017
"USA","THA",27,2017
"USA","TUR",59,2017
"USA","TWN",100,2017
"USA","VEN",2,2017
"USA","VNM",18,2017
"USA","ZAF",59,2017
"BLR","ARE",0.1172,2018
"ALB","BGR",0.236037,2018
"ALB","CHE",0.118019,2018
"ALB","CZE",0.944148,2018
"ALB","DEU",0.82613,2018
"ALB","GBR",0.118019,2018
"ALB","HKG",0.236037,2018
"ALB","ITA",1.534241,2018
"ALB","POL",0.236037,2018
"ALB","ROU",0.236037,2018
"ALB","USA",0.236037,2018
"BLR","ARM",0.5228,2018
"ARG","BRA",0.7,2018
"ARG","CHE",4.1,2018
"ARG","CHL",1.3,2018
"COL","ARG",5.76,2018
"ARG","DEU",0.1,2018
"ARG","ECU",0.3,2018
"ESP","ARG",1.660371,2018
"ARG","FRA",0.1,2018
"GBR","ARG",6.3,2018
"GRC","ARG",0.118019,2018
"ARG","ISR",0.1,2018
"ARG","ITA",0.7,2018
"ARG","MEX",0.6,2018
"ARG","NLD",0.1,2018
"ARG","PER",0.2,2018
"ARG","PRY",0.1,2018
"USA","ARG",70.7,2018
"ARG","URY",0.8,2018
"BEL","AUT",1.180186,2018
"BGR","AUT",1.65226,2018
"BLR","AUT",0.0386,2018
"AUT","CHE",29.504635,2018
"AUT","CHN",1.180185,2018
"AUT","CZE",1.770278,2018
"AUT","DEU",70.759096,2018
"DNK","AUT",7.199131,2018
"AUT","EST",0.944148,2018
"AUT","ESP",1.180185,2018
"AUT","FIN",1.180185,2018
"AUT","FRA",3.540556,2018
"AUT","GBR",45.432792,2018
"GRC","AUT",0.236037,2018
"AUT","HRV",1.180185,2018
"AUT","HUN",3.658575,2018
"AUT","IRL",4.720742,2018
"AUT","ITA",0.590093,2018
"AUT","JPN",1.180185,2018
"AUT","LUX",1.180185,2018
"NLD","AUT",35.877636,2018
"AUT","POL",0.472074,2018
"ROU","AUT",8.969409,2018
"AUT","SWE",0.590092,2018
"AUT","SGP",2.360371,2018
"SVN","AUT",3.068482,2018
"SVK","AUT",20.535226,2018
"AUT","TUR",1.180185,2018
"AUT","USA",22.468714,2018
"BEL","AUS",2.360371,2018
"BGR","AUS",4.602723,2018
"BLR","AUS",0.0005,2018
"COL","AUS",0.03,2018
"DNK","AUS",0.82613,2018
"GBR","AUS",188.1,2018
"HUN","AUS",3.304519,2018
"ITA","AUS",1.180185,2018
"NZL","AUS",8.6,2018
"POL","AUS",1.062167,2018
"ROU","AUS",2.006315,2018
"SWE","AUS",0.708111,2018
"SVN","AUS",0.236037,2018
"USA","AUS",403,2018
"BLR","AZE",0.0012,2018
"BGR","BEL",3.304519,2018
"BLR","BEL",1.168,2018
"COL","BEL",0.23,2018
"BEL","CYP",1.180185,2018
"CZE","BEL",0.118019,2018
"BEL","DEU",38.946118,2018
"DNK","BEL",4.01263,2018
"EST","BEL",0.236037,2018
"ESP","BEL",28.32445,2018
"FIN","BEL",1.180185,2018
"GBR","BEL",27.895365,2018
"GRC","BEL",1.888297,2018
"BEL","HKG",1.180185,2018
"HUN","BEL",0.82613,2018
"ITA","BEL",6.49102,2018
"BEL","KOR",3.540556,2018
"NLD","BEL",172.543105,2018
"BEL","NOR",1.180185,2018
"POL","BEL",4.130649,2018
"ROU","BEL",12.391947,2018
"BEL","SWE",1.534241,2018
"SVN","BEL",0.118019,2018
"USA","BEL",42,2018
"BGR","BRA",0.118019,2018
"BLR","BGR",0.0923,2018
"BGR","CAN",2.832445,2018
"BGR","CHE",6.49102,2018
"BGR","CHN",0.82613,2018
"BGR","CYP",19.827115,2018
"BGR","CZE",0.590093,2018
"BGR","DEU",6.845075,2018
"BGR","EST",0.944148,2018
"BGR","ESP",8.025261,2018
"BGR","FRA",11.093743,2018
"BGR","GBR",39.536211,2018
"GRC","BGR",1.416223,2018
"BGR","HKG",0.118019,2018
"BGR","HRV",0.944148,2018
"BGR","HUN",7.671205,2018
"BGR","IRL",38.119988,2018
"BGR","IND",0.118019,2018
"BGR","ITA",1.416222,2018
"BGR","JPN",0.118019,2018
"BGR","LUX",1.298204,2018
"BGR","LVA",0.118019,2018
"BGR","MLT",3.540556,2018
"BGR","MYS",0.354056,2018
"BGR","NLD",25.610023,2018
"POL","BGR",0.354056,2018
"BGR","PRT",0.472074,2018
"ROU","BGR",1.298204,2018
"BGR","RUS",0.82613,2018
"BGR","SWE",0.826129,2018
"BGR","SGP",1.062167,2018
"BGR","SVK",11.093742,2018
"BGR","TUR",0.118019,2018
"BGR","USA",24.852375,2018
"BGR","ZAF",2.242352,2018
"USA","BHR",18,2018
"USA","BMU",9,2018
"USA","BRN",1,2018
"COL","BOL",0.69,2018
"COL","BRA",4.26,2018
"DEU","BRA",13,2018
"ITA","BRA",0.590093,2018
"USA","BRA",156,2018
"BLR","BLZ",0.0235,2018
"BLR","CAN",0.0003,2018
"BLR","CHE",0.1464,2018
"BLR","CHN",0.0346,2018
"BLR","CUW",0.0346,2018
"BLR","CYP",0.6278,2018
"BLR","CZE",0.8102,2018
"BLR","DEU",0.2117,2018
"BLR","DNK",0.0032,2018
"BLR","EST",0.0565,2018
"BLR","FIN",0.0295,2018
"BLR","FRA",0.1538,2018
"BLR","GBR",1.6206,2018
"BLR","GIN",0.0025,2018
"BLR","HKG",0.4898,2018
"BLR","HRV",0.0059,2018
"BLR","HUN",0.138,2018
"BLR","IRL",0.05,2018
"BLR","ISR",0.1527,2018
"BLR","IND",0.036,2018
"BLR","ITA",0.0548,2018
"BLR","JPN",0.0033,2018
"BLR","KGZ",0.0065,2018
"BLR","KOR",0.014,2018
"BLR","KAZ",0.059,2018
"BLR","LTU",0.3293,2018
"BLR","LUX",0.003,2018
"BLR","LVA",0.7483,2018
"BLR","MDA",0.5743,2018
"BLR","MLT",0.0084,2018
"BLR","NLD",0.4007,2018
"BLR","NOR",0.004,2018
"BLR","POL",0.4536,2018
"BLR","PSE",0.0256,2018
"BLR","PSE",0.0256,2018
"BLR","ROU",0.0474,2018
"BLR","SRB",0.0004,2018
"BLR","RUS",7.3258,2018
"BLR","SWE",0.0416,2018
"BLR","SGP",0.0014,2018
"BLR","SVN",0.0937,2018
"BLR","SVK",0.1896,2018
"BLR","TJK",0.003,2018
"BLR","TUR",0.0232,2018
"BLR","UKR",0.6628,2018
"BLR","USA",0.9105,2018
"BLR","UZB",0.0003,2018
"BLR","VNM",0.0014,2018
"BLR","VUT",0.0169,2018
"COL","CAN",2.85,2018
"CRI","CAN",37.438925,2018
"CZE","CAN",2.596408,2018
"DEU","CAN",17.7,2018
"FIN","CAN",1.180185,2018
"GBR","CAN",101.4,2018
"HUN","CAN",0.118019,2018
"ITA","CAN",1.062167,2018
"LVA","CAN",1.180185,2018
"POL","CAN",1.062167,2018
"ROU","CAN",9.441483,2018
"SWE","CAN",0.708111,2018
"SVN","CAN",0.82613,2018
"SVK","CAN",0.118019,2018
"CAN","USA",467.1,2018
"COL","CHE",3.35,2018
"CRI","CHE",3.0615,2018
"CZE","CHE",2.242352,2018
"DEU","CHE",124,2018
"DNK","CHE",28.206431,2018
"ESP","CHE",67.270568,2018
"FIN","CHE",1.180185,2018
"GBR","CHE",716.4,2018
"GRC","CHE",1.298204,2018
"HRV","CHE",2.360371,2018
"HUN","CHE",3.658575,2018
"ITA","CHE",21.361356,2018
"POL","CHE",98.073406,2018
"PRT","CHE",11.801854,2018
"ROU","CHE",31.392932,2018
"SRB","CHE",1.180185,2018
"SWE","CHE",8.379316,2018
"SVN","CHE",3.068482,2018
"SVK","CHE",3.186501,2018
"USA","CHE",237,2018
"COL","CHL",13.19,2018
"DEU","CHL",1.2,2018
"ESP","CHL",2.360371,2018
"GBR","CHL",9.3,2018
"ITA","CHL",1.416222,2018
"USA","CHL",41,2018
"DEU","CHN",76.8,2018
"GBR","CHN",137.4,2018
"HUN","CHN",1.770278,2018
"ITA","CHN",0.590093,2018
"NZL","CHN",0.1,2018
"POL","CHN",0.82613,2018
"ROU","CHN",1.534241,2018
"SWE","CHN",2.360371,2018
"USA","CHN",224,2018
"COL","CRI",4.0995,2018
"COL","DEU",1.27,2018
"COL","DOM",2.49,2018
"COL","ECU",32.09,2018
"COL","ESP",21.57,2018
"COL","GBR",1.72,2018
"COL","GTM",1.85,2018
"COL","HND",1.64,2018
"COL","IRL",5.18,2018
"COL","LUX",3.02,2018
"COL","MEX",17.46,2018
"COL","NIC",0.37,2018
"COL","NLD",2.21,2018
"COL","PAN",10.07,2018
"COL","PER",10.04,2018
"COL","PRY",0.34,2018
"COL","SLV",3.21,2018
"COL","USA",65.74,2018
"COL","URY",0.95,2018
"COL","VEN",4.94,2018
"CRI","DEU",16.209969,2018
"CRI","ECU",0.167471,2018
"CRI","ESP",2.269899,2018
"CRI","GBR",44.02885,2018
"CRI","GTM",2.880322,2018
"CRI","HND",2.880322,2018
"CRI","IRL",82.059831,2018
"CRI","IND",4.906767,2018
"CRI","JPN",1.0205,2018
"CRI","LUX",0.401347,2018
"CRI","MEX",1.865038,2018
"CRI","NIC",2.880322,2018
"CRI","NLD",104.192499,2018
"CRI","PAN",11.654916,2018
"CRI","SLV",2.880322,2018
"CRI","USA",754.676763,2018
"CRI","URY",0.737704,2018
"CZE","CYP",0.472074,2018
"DEU","CYP",1.2,2018
"DNK","CYP",0.118019,2018
"EST","CYP",0.236037,2018
"GBR","CYP",10.7,2018
"GRC","CYP",3.894612,2018
"HUN","CYP",2.006315,2018
"ITA","CYP",0.118019,2018
"LTU","CYP",0.354056,2018
"LVA","CYP",3.540556,2018
"NLD","CYP",3.068482,2018
"POL","CYP",0.82613,2018
"ROU","CYP",9.913557,2018
"SWE","CYP",0.236037,2018
"SVN","CYP",0.354056,2018
"SVK","CYP",2.714426,2018
"USA","CYP",3,2018
"CZE","DEU",5.074797,2018
"CZE","DNK",4.130648,2018
"EST","CZE",2.242352,2018
"CZE","ESP",0.236037,2018
"CZE","FIN",0.118019,2018
"CZE","FRA",0.118019,2018
"CZE","GBR",13.506431,2018
"GRC","CZE",1.65226,2018
"CZE","HKG",0.118019,2018
"CZE","HUN",0.354055,2018
"CZE","IRL",1.534241,2018
"CZE","ITA",0.708111,2018
"CZE","LUX",0.236037,2018
"CZE","MLT",0.354056,2018
"CZE","NLD",2.124334,2018
"CZE","POL",0.472074,2018
"ROU","CZE",4.01263,2018
"CZE","RUS",0.236037,2018
"SWE","CZE",2.124333,2018
"SVN","CZE",3.068482,2018
"CZE","SVK",1.298203,2018
"USA","CZE",4.719757,2018
"CZE","ZAF",0.118019,2018
"DNK","DEU",58.441773,2018
"DEU","EST",1.101796,2018
"DEU","ESP",29.554809,2018
"DEU","FIN",4.699073,2018
"GBR","DEU",394.9,2018
"DEU","GRC",0.451333,2018
"DEU","HRV",1.219815,2018
"DEU","HUN",7.70898,2018
"DEU","IRL",187.8,2018
"ISR","DEU",1.4,2018
"DEU","IND",37.8,2018
"ISL","DEU",0.472074,2018
"DEU","ITA",93.570104,2018
"DEU","JPN",42.5,2018
"LTU","DEU",0.236037,2018
"DEU","MLT",4.7,2018
"DEU","MEX",8.3,2018
"DEU","MYS",13,2018
"NLD","DEU",938.719463,2018
"POL","DEU",24.075782,2018
"DEU","PRT",8.239629,2018
"ROU","DEU",115.147392,2018
"SRB","DEU",1.180185,2018
"DEU","RUS",55.5,2018
"SWE","DEU",16.876651,2018
"DEU","SGP",59,2018
"SVN","DEU",7.297335,2018
"SVK","DEU",28.83708,2018
"USA","DEU",410,2018
"DEU","ZAF",16.5,2018
"DNK","EST",2.714427,2018
"DNK","ESP",22.65956,2018
"DNK","FIN",25.728042,2018
"DNK","FRA",6.609038,2018
"GBR","DNK",48.984589,2018
"GRC","DNK",0.118018,2018
"DNK","HUN",1.534241,2018
"DNK","IRL",0.354056,2018
"DNK","IND",0.354056,2018
"ISL","DNK",0.590092,2018
"DNK","ITA",49.803823,2018
"DNK","KOR",0.590093,2018
"DNK","LTU",2.124333,2018
"DNK","LUX",0.472074,2018
"DNK","LVA",1.298204,2018
"DNK","MLT",8.497335,2018
"DNK","MYS",0.118019,2018
"DNK","NLD",4.956779,2018
"DNK","NOR",85.563441,2018
"DNK","NZL",0.354056,2018
"POL","DNK",14.280244,2018
"DNK","PRT",0.472074,2018
"ROU","DNK",4.720741,2018
"SRB","DNK",1.180185,2018
"DNK","SWE",37.17584,2018
"DNK","SGP",0.354056,2018
"SVN","DNK",0.590092,2018
"DNK","SVK",1.888296,2018
"DNK","TUR",3.776593,2018
"USA","DNK",29.303534,2018
"DNK","ZAF",0.944148,2018
"USA","DOM",2,2018
"EST","ESP",0.708111,2018
"EST","FIN",2.360371,2018
"EST","FRA",0.708111,2018
"EST","GBR",13.100058,2018
"GRC","EST",0.118019,2018
"HUN","EST",0.236037,2018
"EST","IRL",0.118019,2018
"EST","LTU",0.590092,2018
"EST","LUX",0.118019,2018
"EST","LVA",0.236037,2018
"EST","MLT",0.472074,2018
"EST","NLD",0.708111,2018
"EST","NOR",0.118019,2018
"POL","EST",0.472074,2018
"EST","ROU",0.118019,2018
"EST","SWE",2.360371,2018
"EST","SVK",0.236037,2018
"USA","EST",1.763963,2018
"GBR","EGY",12,2018
"GRC","EGY",0.236037,2018
"IRL","EGY",1.180185,2018
"ESP","FRA",76.712051,2018
"GBR","ESP",2.985168,2018
"GRC","ESP",0.472074,2018
"HUN","ESP",3.304519,2018
"ISL","ESP",0.118019,2018
"ESP","ITA",0.236037,2018
"ESP","MEX",10.621669,2018
"NLD","ESP",177.027809,2018
"POL","ESP",2.242352,2018
"ROU","ESP",7.317149,2018
"SRB","ESP",1.180185,2018
"SWE","ESP",15.578448,2018
"SVN","ESP",0.118019,2018
"SVK","ESP",0.708111,2018
"USA","ESP",18.30591,2018
"FIN","FRA",2.360371,2018
"GBR","FIN",28.799073,2018
"GRC","FIN",14.280243,2018
"HUN","FIN",0.118019,2018
"FIN","IRL",7.081112,2018
"ISL","FIN",0.708111,2018
"FIN","ITA",0.944148,2018
"FIN","KOR",2.360371,2018
"LTU","FIN",1.770278,2018
"NLD","FIN",48.387602,2018
"FIN","NOR",2.360371,2018
"FIN","POL",0.590092,2018
"ROU","FIN",10.621669,2018
"SWE","FIN",2.124333,2018
"FIN","SGP",1.180185,2018
"FIN","USA",16.522596,2018
"GBR","FRA",297.5,2018
"GRC","FRA",33.281228,2018
"HUN","FRA",7.435168,2018
"ISR","FRA",2.2,2018
"ITA","FRA",19.827115,2018
"LTU","FRA",0.236037,2018
"NLD","FRA",676.36425,2018
"POL","FRA",4.956779,2018
"PRT","FRA",3.540556,2018
"ROU","FRA",9.087428,2018
"SWE","FRA",4.956779,2018
"SVN","FRA",0.236037,2018
"USA","FRA",100.170337,2018
"GBR","GRC",5.719757,2018
"GBR","HKG",85.4,2018
"HRV","GBR",1.180185,2018
"GBR","HUN",7.633314,2018
"GBR","IDN",12,2018
"GBR","IRL",120.1,2018
"ISR","GBR",18.8,2018
"GBR","IND",64,2018
"ISL","GBR",3.422538,2018
"GBR","ITA",79.623986,2018
"GBR","JPN",249.5,2018
"GBR","KOR",77.4,2018
"LTU","GBR",2.124334,2018
"GBR","LUX",53.4,2018
"LVA","GBR",7.081112,2018
"GBR","MLT",8,2018
"GBR","MYS",18.7,2018
"NLD","GBR",1360.890029,2018
"GBR","NOR",53.4,2018
"GBR","NZL",13.1,2018
"GBR","PHL",10.7,2018
"POL","GBR",58.169756,2018
"GBR","PRT",15.159444,2018
"ROU","GBR",88.67161,2018
"SRB","GBR",1.180185,2018
"GBR","RUS",62.7,2018
"GBR","SAU",33.4,2018
"GBR","SWE",81.926941,2018
"GBR","SGP",88.1,2018
"SVN","GBR",0.590093,2018
"GBR","SVK",1.03511,2018
"GBR","THA",17.3,2018
"GBR","TUR",34.7,2018
"GBR","TWN",21.3,2018
"GBR","UKR",1.3,2018
"GBR","USA",1132.3,2018
"GBR","ZAF",32,2018
"GRC","HRV",0.236037,2018
"GRC","HUN",0.354056,2018
"GRC","IRL",52.754287,2018
"GRC","ISL",0.118019,2018
"GRC","ITA",1.416222,2018
"GRC","LTU",0.118019,2018
"GRC","LUX",0.354056,2018
"GRC","LVA",0.118019,2018
"GRC","MLT",0.590093,2018
"GRC","NLD",9.67752,2018
"GRC","POL",0.590093,2018
"GRC","PRT",4.248667,2018
"ROU","GRC",4.720741,2018
"GRC","RUS",0.590093,2018
"GRC","SWE",5.546871,2018
"SVN","GRC",0.472074,2018
"GRC","SVK",0.472074,2018
"GRC","THA",0.236037,2018
"GRC","TUR",15.224392,2018
"GRC","USA",21.479374,2018
"GRC","ZAF",0.354056,2018
"USA","GTM",1,2018
"HUN","HKG",0.236037,2018
"ISL","HKG",4.01263,2018
"ITA","HKG",0.472074,2018
"LVA","HKG",1.180185,2018
"POL","HKG",4.130649,2018
"ROU","HKG",1.062167,2018
"SWE","HKG",0.118019,2018
"USA","HKG",187,2018
"USA","HND",1,2018
"HUN","HRV",0.944148,2018
"HRV","IRL",1.180185,2018
"ITA","HRV",0.236037,2018
"POL","HRV",0.236037,2018
"SWE","HRV",0.118019,2018
"SVN","HRV",1.534241,2018
"HRV","USA",3.900927,2018
"HUN","IRL",0.944148,2018
"HUN","IND",0.708111,2018
"HUN","ITA",3.894612,2018
"HUN","JPN",10.857706,2018
"HUN","LUX",4.130649,2018
"HUN","NLD",19.709096,2018
"HUN","NOR",0.118019,2018
"POL","HUN",0.236037,2018
"ROU","HUN",7.907242,2018
"HUN","RUS",0.472074,2018
"HUN","SWE",0.118019,2018
"SVN","HUN",0.472074,2018
"SVK","HUN",1.062167,2018
"HUN","TUR",0.708111,2018
"HUN","USA",22.592062,2018
"USA","IDN",47,2018
"ITA","IRL",9.205446,2018
"LTU","IRL",3.658575,2018
"LVA","IRL",2.360371,2018
"NLD","IRL",96.18511,2018
"POL","IRL",3.304519,2018
"PRT","IRL",2.360371,2018
"ROU","IRL",30.212746,2018
"SWE","IRL",22.65956,2018
"SVN","IRL",1.298204,2018
"SVK","IRL",11.093743,2018
"ISR","ITA",0.9,2018
"USA","ISR",76.2,2018
"ITA","IND",0.708111,2018
"POL","IND",3.068482,2018
"SWE","IND",33.16321,2018
"USA","IND",264,2018
"NLD","ISL",0.118019,2018
"ISL","NOR",0.590093,2018
"ISL","RUS",0.354056,2018
"ISL","SWE",0.118019,2018
"ISL","SGP",1.888297,2018
"ISL","USA",1.298204,2018
"ITA","JPN",0.118019,2018
"LTU","ITA",0.236037,2018
"ITA","LUX",5.192816,2018
"ITA","MAR",5.074797,2018
"ITA","MLT",0.354056,2018
"NLD","ITA",84.265237,2018
"ITA","NOR",0.472074,2018
"POL","ITA",2.950464,2018
"PRT","ITA",0.236037,2018
"ROU","ITA",41.306489,2018
"SWE","ITA",8.025261,2018
"ITA","SGP",0.354056,2018
"SVN","ITA",2.36037,2018
"ITA","SVK",3.894612,2018
"ITA","TUR",0.354056,2018
"ITA","TWN",0.118019,2018
"USA","ITA",139.748378,2018
"ITA","VEN",0.236037,2018
"USA","JOR",9,2018
"NLD","JPN",90.756257,2018
"POL","JPN",0.82613,2018
"SWE","JPN",2.478389,2018
"SVN","JPN",0.236037,2018
"USA","JPN",425,2018
"POL","KOR",0.236037,2018
"SWE","KOR",0.590093,2018
"SVN","KOR",0.118019,2018
"USA","KOR",130,2018
"LTU","LVA",0.354056,2018
"NLD","LTU",0.82613,2018
"LTU","NOR",3.304519,2018
"POL","LTU",0.354056,2018
"LTU","RUS",1.298204,2018
"LTU","SWE",2.832444,2018
"LTU","USA",2.428853,2018
"LTU","ZAF",0.118019,2018
"POL","LUX",5.310834,2018
"ROU","LUX",5.546871,2018
"SWE","LUX",0.354056,2018
"NLD","LVA",1.416222,2018
"POL","LVA",0.236037,2018
"ROU","LVA",0.236037,2018
"LVA","RUS",21.243337,2018
"LVA","SWE",2.360371,2018
"USA","LVA",2,2018
"USA","MAR",3,2018
"POL","MLT",3.894612,2018
"ROU","MLT",8.85139,2018
"SWE","MLT",6.845075,2018
"SVN","MLT",0.236037,2018
"USA","MLT",3,2018
"SWE","MEX",0.708111,2018
"USA","MEX",109,2018
"SVN","MYS",0.118019,2018
"USA","MYS",39,2018
"USA","NGA",12,2018
"POL","NLD",66.798493,2018
"PRT","NLD",2.360371,2018
"NLD","ROU",9.323464,2018
"NLD","SWE",110.819408,2018
"NLD","SVN",3.540556,2018
"SVK","NLD",0.236037,2018
"USA","NLD",238,2018
"POL","NOR",1.416222,2018
"ROU","NOR",1.298204,2018
"SWE","NOR",7.789224,2018
"SVN","NOR",0.236037,2018
"USA","NOR",46,2018
"USA","NZL",48.2,2018
"USA","OMN",29,2018
"USA","PAN",3,2018
"USA","PER",18,2018
"USA","PHL",32,2018
"POL","PRT",0.236037,2018
"ROU","POL",2.360371,2018
"POL","RUS",0.236037,2018
"POL","SWE",6.727057,2018
"POL","SGP",3.304519,2018
"SVN","POL",2.832445,2018
"POL","SVK",0.118019,2018
"POL","TUR",1.062167,2018
"POL","TWN",0.236037,2018
"POL","USA",13.256952,2018
"POL","URY",0.236037,2018
"POL","ZAF",1.416222,2018
"ROU","PRT",0.472074,2018
"SWE","PRT",0.236037,2018
"USA","PRT",41,2018
"ROU","SWE",1.298204,2018
"ROU","SGP",1.770278,2018
"SVN","ROU",0.82613,2018
"ROU","SVK",0.236037,2018
"ROU","TUR",3.068482,2018
"ROU","USA",109.677114,2018
"SRB","USA",2.360371,2018
"SWE","RUS",0.590093,2018
"SVN","RUS",5.66489,2018
"USA","RUS",123,2018
"USA","SAU",95,2018
"SWE","SGP",0.236037,2018
"SVN","SWE",0.472074,2018
"SWE","SVK",0.118019,2018
"SWE","TUR",0.472074,2018
"SWE","TWN",0.236037,2018
"USA","SWE",80.961124,2018
"SWE","ZAF",0.118019,2018
"SVK","SGP",0.118019,2018
"USA","SGP",224,2018
"SVN","SVK",1.062167,2018
"SVN","THA",0.118019,2018
"SVN","TWN",0.236037,2018
"SVN","USA",1.360371,2018
"USA","SVK",3.167555,2018
"USA","SLV",1,2018
"USA","THA",29,2018
"USA","TUR",55,2018
"USA","TWN",102,2018
"USA","VNM",19,2018
"XKX","USA",0.118019,2018
"USA","ZAF",69,2018
"RUS","ARE",2.123,2019
"ALB","AUT",0.111938,2019
"ALB","BGR",0.335815,2019
"ALB","CHE",0.111938,2019
"ALB","CYP",0.223877,2019
"ALB","DEU",0.223877,2019
"ALB","GBR",0.111938,2019
"ALB","GRC",0.111938,2019
"ALB","IRL",0.111938,2019
"ALB","ITA",0.559692,2019
"ALB","USA",0.111938,2019
"BLR","ARM",0.0171,2019
"RUS","ARM",0.575,2019
"ARG","BRA",0.2,2019
"ARG","CAN",0.1,2019
"ARG","CHE",1.3,2019
"ARG","CHL",1.3,2019
"COL","ARG",5.82,2019
"DEU","ARG",1,2019
"ARG","ECU",0.6,2019
"ESP","ARG",1.138768,2019
"ARG","FRA",0.1,2019
"ARG","GBR",4.6,2019
"GRC","ARG",0.223877,2019
"ARG","HKG",0.2,2019
"ARG","IRL",0.1,2019
"ARG","MEX",2.1,2019
"ARG","NLD",0.1,2019
"ARG","PER",0.2,2019
"ARG","PRY",0.1,2019
"SWE","ARG",0.559692,2019
"USA","ARG",28.6,2019
"ARG","URY",1.3,2019
"BEL","AUT",1.119384,2019
"BGR","AUT",2.014891,2019
"BLR","AUT",0.0372,2019
"AUT","CHE",6.716305,2019
"AUT","CHN",3.358152,2019
"AUT","CZE",0.783569,2019
"AUT","DEU",97.355623,2019
"DNK","AUT",9.17895,2019
"EST","AUT",0.223877,2019
"AUT","ESP",1.119384,2019
"AUT","FRA",3.358152,2019
"AUT","GBR",40.18243,2019
"GRC","AUT",0.335815,2019
"AUT","HUN",3.47009,2019
"AUT","IRL",4.477536,2019
"AUT","ITA",2.574583,2019
"AUT","LUX",4.477536,2019
"AUT","NLD",30.111433,2019
"POL","AUT",1.007446,2019
"ROU","AUT",2.686522,2019
"RUS","AUT",0.75,2019
"SWE","AUT",3.582029,2019
"AUT","SGP",3.358152,2019
"SVN","AUT",6.492428,2019
"SVK","AUT",33.693462,2019
"AUT","TUR",1.119384,2019
"AUT","USA",19.68551,2019
"BEL","AUS",2.238768,2019
"BGR","AUS",4.477536,2019
"BLR","AUS",0.0485,2019
"DEU","AUS",26.9,2019
"DNK","AUS",0.559692,2019
"GBR","AUS",205.5,2019
"HUN","AUS",1.455199,2019
"ITA","AUS",1.231323,2019
"LVA","AUS",3.358152,2019
"NLD","AUS",29.999494,2019
"NZL","AUS",8.4,2019
"POL","AUS",1.791015,2019
"ROU","AUS",2.12683,2019
"RUS","AUS",0.074,2019
"SWE","AUS",1.902953,2019
"SVN","AUS",0.895507,2019
"USA","AUS",415,2019
"BLR","AZE",0.0069,2019
"RUS","AZE",1.177,2019
"RUS","BIH",0.083,2019
"BGR","BEL",3.022337,2019
"BLR","BEL",0.1973,2019
"BEL","CAN",1.119384,2019
"BEL","CHN",2.238768,2019
"BEL","CYP",1.119384,2019
"BEL","CZE",1.791014,2019
"BEL","DEU",3.378444,2019
"BEL","DNK",2.350707,2019
"EST","BEL",0.223877,2019
"ESP","BEL",32.462139,2019
"GBR","BEL",22.699093,2019
"BEL","GRC",0.447754,2019
"BEL","HKG",1.119384,2019
"BEL","HUN",1.231322,2019
"BEL","IRL",10.074457,2019
"BEL","ITA",9.626703,2019
"BEL","JPN",1.119384,2019
"BEL","KOR",2.238768,2019
"BEL","LTU",1.007446,2019
"BEL","LUX",12.313225,2019
"BEL","LVA",1.119384,2019
"NLD","BEL",178.20595,2019
"BEL","NOR",1.119384,2019
"BEL","POL",0.111939,2019
"ROU","BEL",12.760979,2019
"BEL","RUS",5.156305,2019
"BEL","SWE",0.111938,2019
"BEL","SVN",0.447754,2019
"BEL","SVK",0.895507,2019
"USA","BEL",29.328623,2019
"BEL","ZAF",2.238768,2019
"BGR","BRA",0.111938,2019
"BLR","BGR",0.2099,2019
"BGR","CAN",3.693968,2019
"BGR","CHE",5.708859,2019
"BGR","CHN",2.238768,2019
"BGR","CYP",20.820544,2019
"BGR","CZE",1.902953,2019
"BGR","DEU",11.37587,2019
"BGR","DNK",10.52221,2019
"BGR","EST",0.111939,2019
"BGR","ESP",19.70116,2019
"BGR","FRA",17.014638,2019
"BGR","GBR",52.275238,2019
"GRC","BGR",1.791015,2019
"BGR","HKG",0.559692,2019
"BGR","HRV",0.895507,2019
"BGR","HUN",6.044675,2019
"BGR","IDN",0.111938,2019
"BGR","IRL",41.976904,2019
"BGR","IND",0.111938,2019
"BGR","ITA",3.134275,2019
"BGR","JPN",0.111938,2019
"BGR","LUX",0.223877,2019
"BGR","MLT",1.679076,2019
"BGR","MYS",0.447754,2019
"BGR","NLD",45.558933,2019
"BGR","NOR",0.111938,2019
"BGR","PRT",1.231323,2019
"ROU","BGR",0.447754,2019
"BGR","RUS",0.378569,2019
"BGR","SWE",0.335815,2019
"BGR","SGP",1.007446,2019
"SVN","BGR",0.895507,2019
"BGR","SVK",9.850581,2019
"BGR","THA",0.111938,2019
"BGR","TUR",0.111938,2019
"BGR","USA",28.342755,2019
"BGR","ZAF",2.238768,2019
"USA","BHR",8,2019
"USA","BMU",7,2019
"USA","BRN",1,2019
"COL","BOL",0.48,2019
"BLR","BRA",0.0018,2019
"COL","BRA",8.37,2019
"ESP","BRA",1.119384,2019
"ITA","BRA",0.223877,2019
"RUS","BRA",0.006,2019
"SWE","BRA",0.111938,2019
"RUS","BHS",0.066,2019
"BLR","CAN",0.0001,2019
"BLR","CHE",0.3994,2019
"BLR","CHN",0.015,2019
"BLR","CUW",0.1608,2019
"BLR","CYP",0.0755,2019
"BLR","CZE",0.7056,2019
"BLR","DEU",0.3207,2019
"BLR","DNK",0.0289,2019
"BLR","EST",0.041,2019
"BLR","ESP",0.0055,2019
"BLR","FIN",0.0053,2019
"BLR","FRA",0.2075,2019
"BLR","GBR",0.9355,2019
"BLR","GEO",0.0003,2019
"BLR","GIN",0.0028,2019
"BLR","HKG",0.7147,2019
"BLR","HRV",0.068,2019
"BLR","HUN",0.061,2019
"BLR","IRL",0.0389,2019
"BLR","ISR",0.0755,2019
"BLR","IND",0.0299,2019
"BLR","ITA",0.2616,2019
"BLR","JOR",0.0003,2019
"BLR","JPN",0.0095,2019
"BLR","KGZ",0.0038,2019
"BLR","KOR",0.021,2019
"BLR","KAZ",0.0577,2019
"BLR","LTU",0.2865,2019
"BLR","LVA",0.7876,2019
"BLR","MDA",0.0001,2019
"BLR","MLT",0.0083,2019
"BLR","NLD",4.0186,2019
"BLR","PAK",0.0004,2019
"BLR","POL",0.5373,2019
"BLR","PSE",0.0273,2019
"BLR","PSE",0.0273,2019
"BLR","ROU",0.006,2019
"BLR","SRB",0.014,2019
"BLR","RUS",1.8606,2019
"BLR","SWE",0.012,2019
"BLR","SGP",0.0001,2019
"BLR","SVN",0.0915,2019
"BLR","SVK",0.2122,2019
"BLR","TUR",0.0227,2019
"BLR","UKR",0.5877,2019
"BLR","USA",0.5929,2019
"BLR","UZB",0.0032,2019
"BLR","VNM",0.0004,2019
"BLR","VUT",0.0352,2019
"BLR","ZAF",0.003,2019
"RUS","BLZ",1.043,2019
"COL","CAN",3.8,2019
"CRI","CAN",40.025597,2019
"CZE","CAN",2.350707,2019
"DNK","CAN",0.111938,2019
"FIN","CAN",1.119384,2019
"FRA","CAN",5.596921,2019
"GBR","CAN",117.4,2019
"GRC","CAN",0.783569,2019
"HUN","CAN",0.111938,2019
"ITA","CAN",0.67163,2019
"LVA","CAN",5.596921,2019
"NZL","CAN",0.1,2019
"POL","CAN",0.783569,2019
"ROU","CAN",12.537102,2019
"RUS","CAN",0.079,2019
"SWE","CAN",0.895507,2019
"SVN","CAN",0.783569,2019
"SVK","CAN",0.111938,2019
"CAN","USA",507.6,2019
"COL","CHE",3.79,2019
"CRI","CHE",3.562576,2019
"CZE","CHE",3.358152,2019
"DEU","CHE",61.6,2019
"DNK","CHE",116.975639,2019
"EST","CHE",7.387935,2019
"ESP","CHE",52.611053,2019
"FIN","CHE",1.119384,2019
"GBR","CHE",233.6,2019
"GRC","CHE",8.059566,2019
"HRV","CHE",5.596921,2019
"HUN","CHE",2.686522,2019
"ITA","CHE",29.887556,2019
"LTU","CHE",0.111938,2019
"POL","CHE",91.901435,2019
"PRT","CHE",6.716305,2019
"ROU","CHE",48.58127,2019
"SRB","CHE",1.119384,2019
"RUS","CHE",3.359,2019
"SWE","CHE",16.119131,2019
"SVN","CHE",4.477536,2019
"SVK","CHE",2.686522,2019
"USA","CHE",395,2019
"COL","CHL",11.04,2019
"DEU","CHL",1.1,2019
"ESP","CHL",1.119384,2019
"GBR","CHL",7.7,2019
"ITA","CHL",0.111938,2019
"SWE","CHL",0.335815,2019
"COL","CHN",2.03,2019
"DNK","CHN",0.335815,2019
"FIN","CHN",1.119384,2019
"GBR","CHN",143,2019
"HUN","CHN",2.79846,2019
"ITA","CHN",1.902953,2019
"POL","CHN",0.559692,2019
"ROU","CHN",1.231323,2019
"RUS","CHN",3.399,2019
"SWE","CHN",3.470091,2019
"USA","CHN",247,2019
"COL","CRI",9.812475,2019
"COL","DEU",1.31,2019
"COL","DOM",2.25,2019
"COL","ECU",16.09,2019
"COL","ESP",14.67,2019
"COL","GBR",1.45,2019
"COL","GTM",1.76,2019
"COL","HND",1.33,2019
"COL","IRL",5.55,2019
"COL","ITA",0.11,2019
"COL","JPN",0.05,2019
"COL","MEX",21.51,2019
"COL","NIC",0.3,2019
"COL","PAN",7.33,2019
"COL","PER",10.48,2019
"COL","PRY",1.19,2019
"COL","SLV",2.9,2019
"COL","USA",75.72,2019
"COL","URY",0.78,2019
"COL","VEN",3.3,2019
"COL","ZAF",0.02,2019
"CRI","DEU",15.473772,2019
"CRI","ECU",0.137619,2019
"CRI","ESP",2.375051,2019
"CRI","GBR",51.356803,2019
"CRI","GTM",3.411275,2019
"CRI","HND",3.411275,2019
"CRI","IRL",83.515085,2019
"CRI","IND",5.744143,2019
"CRI","JPN",1.187525,2019
"CRI","LUX",4.353696,2019
"CRI","MEX",0.860828,2019
"CRI","NIC",3.411275,2019
"CRI","NLD",120.691823,2019
"CRI","PAN",11.541633,2019
"CRI","PER",0.359911,2019
"CRI","SLV",3.411275,2019
"CRI","USA",828.858003,2019
"DEU","CYP",1.1,2019
"DNK","CYP",0.783569,2019
"EST","CYP",0.335815,2019
"GBR","CYP",33.2,2019
"GRC","CYP",1.567138,2019
"HUN","CYP",1.567138,2019
"ITA","CYP",0.111938,2019
"LVA","CYP",4.477536,2019
"NLD","CYP",3.358152,2019
"POL","CYP",0.783569,2019
"ROU","CYP",17.238515,2019
"RUS","CYP",9.32,2019
"SWE","CYP",1.007446,2019
"SVN","CYP",0.223877,2019
"SVK","CYP",2.12683,2019
"DEU","CZE",8.555326,2019
"CZE","DNK",2.12683,2019
"EST","CZE",0.111938,2019
"CZE","ESP",0.111938,2019
"CZE","FIN",1.231323,2019
"CZE","FRA",0.111938,2019
"CZE","GBR",16.08011,2019
"GRC","CZE",2.686522,2019
"CZE","HKG",0.223877,2019
"CZE","HUN",0.223877,2019
"CZE","IRL",2.574583,2019
"CZE","ITA",1.007446,2019
"CZE","LUX",0.223877,2019
"CZE","MLT",0.335815,2019
"CZE","NLD",2.014891,2019
"CZE","POL",0.559692,2019
"ROU","CZE",2.350707,2019
"RUS","CZE",0.314,2019
"SWE","CZE",3.358152,2019
"SVN","CZE",1.679076,2019
"SVK","CZE",1.567138,2019
"CZE","USA",5.059313,2019
"DNK","DEU",84.065746,2019
"EST","DEU",3.844674,2019
"DEU","EGY",3.4,2019
"DEU","ESP",54.828623,2019
"FIN","DEU",5.596921,2019
"DEU","FRA",154.5,2019
"GBR","DEU",101.5,2019
"GRC","DEU",5.596921,2019
"DEU","HKG",11.2,2019
"HRV","DEU",1.119384,2019
"DEU","HUN",7.355326,2019
"DEU","IRL",222.8,2019
"ISR","DEU",1.4,2019
"DEU","IND",29.1,2019
"ISL","DEU",0.335815,2019
"DEU","ITA",80.033242,2019
"DEU","JPN",22.4,2019
"LTU","DEU",0.223877,2019
"LVA","DEU",2.238768,2019
"DEU","MLT",4.5,2019
"NLD","DEU",774.714329,2019
"DEU","NOR",15.7,2019
"POL","DEU",6.329403,2019
"DEU","PRT",5.641848,2019
"ROU","DEU",132.999136,2019
"SRB","DEU",1.119384,2019
"RUS","DEU",9.683,2019
"DEU","SWE",4.269057,2019
"DEU","SGP",41.4,2019
"SVN","DEU",6.97895,2019
"SVK","DEU",7.759439,2019
"DEU","TWN",4.5,2019
"USA","DEU",44.6,2019
"DEU","ZAF",9,2019
"EST","DNK",0.223877,2019
"DNK","ESP",9.067011,2019
"DNK","FIN",31.566631,2019
"DNK","FRA",4.92529,2019
"GBR","DNK",26.952752,2019
"DNK","GRC",0.335816,2019
"DNK","HKG",0.111938,2019
"DNK","HRV",0.111938,2019
"DNK","HUN",2.014892,2019
"DNK","IRL",3.582029,2019
"DNK","IND",0.447754,2019
"ISL","DNK",0.783569,2019
"DNK","ITA",32.574077,2019
"DNK","JPN",0.559692,2019
"DNK","KOR",2.238768,2019
"LTU","DNK",1.679076,2019
"DNK","LUX",0.447754,2019
"DNK","LVA",1.231323,2019
"DNK","MLT",8.283442,2019
"DNK","MEX",0.111938,2019
"DNK","MYS",0.335815,2019
"NLD","DNK",9.738642,2019
"DNK","NOR",85.632884,2019
"DNK","NZL",0.783569,2019
"POL","DNK",19.141468,2019
"DNK","PRT",0.447754,2019
"ROU","DNK",8.395381,2019
"SRB","DNK",1.119384,2019
"DNK","RUS",0.135815,2019
"DNK","SWE",10.522211,2019
"DNK","SGP",0.335815,2019
"SVN","DNK",1.007446,2019
"DNK","SVK",2.238768,2019
"DNK","TUR",2.79846,2019
"DNK","USA",7.320165,2019
"DNK","ZAF",1.791015,2019
"USA","DOM",2,2019
"EST","ESP",3.470091,2019
"EST","FIN",3.022337,2019
"EST","FRA",1.007446,2019
"EST","GBR",15.223624,2019
"EST","HKG",0.335815,2019
"HUN","EST",0.223877,2019
"EST","IRL",0.559692,2019
"EST","ITA",1.007446,2019
"EST","LTU",0.447754,2019
"EST","LUX",0.111938,2019
"LVA","EST",0.895507,2019
"EST","MLT",0.895507,2019
"EST","NLD",1.343261,2019
"POL","EST",0.783569,2019
"EST","PRT",0.111938,2019
"ROU","EST",3.358152,2019
"EST","RUS",0.335692,2019
"EST","SWE",1.231322,2019
"EST","SGP",0.67163,2019
"EST","SVK",0.335815,2019
"EST","USA",1.567138,2019
"GBR","EGY",11.5,2019
"GRC","EGY",0.447754,2019
"SWE","EGY",0.447754,2019
"FIN","ESP",1.119384,2019
"ESP","FRA",66.043662,2019
"GBR","ESP",5.265576,2019
"GRC","ESP",1.231323,2019
"HUN","ESP",6.604366,2019
"ESP","IRL",41.417212,2019
"ISL","ESP",0.111938,2019
"ITA","ESP",0.783568,2019
"ESP","LUX",4.477536,2019
"NLD","ESP",242.906351,2019
"POL","ESP",2.12683,2019
"ESP","PRT",4.477536,2019
"ROU","ESP",4.25366,2019
"SRB","ESP",1.119384,2019
"RUS","ESP",0.347,2019
"SWE","ESP",17.574331,2019
"SVN","ESP",0.335815,2019
"SVK","ESP",0.335815,2019
"USA","ESP",46.091119,2019
"FIN","FRA",4.477536,2019
"GRC","FIN",10.410272,2019
"HUN","FIN",0.111938,2019
"FIN","IRL",3.358152,2019
"FIN","ITA",1.007446,2019
"FIN","KOR",1.119384,2019
"LTU","FIN",1.455199,2019
"FIN","NLD",2.238768,2019
"FIN","NOR",2.238768,2019
"POL","FIN",0.783569,2019
"ROU","FIN",8.507319,2019
"RUS","FIN",0.838,2019
"SWE","FIN",25.074204,2019
"FIN","SGP",4.477536,2019
"SVN","FIN",0.335815,2019
"SVK","FIN",0.111938,2019
"USA","FIN",49.089854,2019
"GBR","FRA",233.6,2019
"GRC","FRA",38.170998,2019
"HUN","FRA",3.358152,2019
"ISR","FRA",2.9,2019
"ITA","FRA",12.984856,2019
"LTU","FRA",0.111938,2019
"NLD","FRA",739.800956,2019
"POL","FRA",7.275997,2019
"PRT","FRA",4.477536,2019
"ROU","FRA",10.410272,2019
"RUS","FRA",7.269,2019
"SWE","FRA",10.969964,2019
"SVN","FRA",1.679076,2019
"SVK","FRA",0.111938,2019
"USA","FRA",222.240033,2019
"GBR","GRC",3.236068,2019
"GBR","HKG",95.7,2019
"GBR","HRV",0.180616,2019
"GBR","HUN",5.791141,2019
"GBR","IDN",11.5,2019
"GBR","IRL",130.2,2019
"ISR","GBR",27.7,2019
"GBR","IND",62.5,2019
"ISL","GBR",3.470091,2019
"GBR","ITA",90.86815,2019
"GBR","JPN",176.1,2019
"GBR","KOR",79.1,2019
"LTU","GBR",0.67163,2019
"GBR","LUX",40.8,2019
"LVA","GBR",3.358152,2019
"GBR","MEX",17.9,2019
"GBR","MYS",19.1,2019
"NLD","GBR",1481.141251,2019
"GBR","NOR",47.2,2019
"GBR","NZL",11.7,2019
"GBR","PHL",37,2019
"POL","GBR",70.480385,2019
"GBR","PRT",13.683695,2019
"ROU","GBR",118.206962,2019
"SRB","GBR",1.119384,2019
"GBR","RUS",52.3,2019
"GBR","SAU",38.3,2019
"GBR","SWE",39.473803,2019
"GBR","SGP",84.2,2019
"GBR","SVN",0.920924,2019
"SVK","GBR",14.153407,2019
"GBR","THA",20.4,2019
"GBR","TUR",25.5,2019
"GBR","TWN",25.5,2019
"GBR","USA",1170.1,2019
"GBR","ZAF",35.7,2019
"RUS","GEO",0.169,2019
"GRC","HRV",0.223877,2019
"GRC","HUN",0.447754,2019
"GRC","IRL",71.304768,2019
"GRC","ISL",0.223877,2019
"GRC","ITA",1.679076,2019
"GRC","LTU",0.447754,2019
"GRC","LUX",0.447754,2019
"GRC","LVA",0.223877,2019
"GRC","MLT",0.67163,2019
"GRC","NLD",12.089349,2019
"GRC","POL",1.007446,2019
"GRC","PRT",2.014891,2019
"ROU","GRC",4.253659,2019
"GRC","RUS",0.177877,2019
"GRC","SWE",4.701413,2019
"SVN","GRC",0.223877,2019
"GRC","SVK",0.559692,2019
"GRC","THA",1.119384,2019
"GRC","TUR",1.231323,2019
"USA","GRC",51.754039,2019
"GRC","ZAF",0.335815,2019
"USA","GTM",1,2019
"HRV","HKG",1.119384,2019
"ISL","HKG",3.022337,2019
"ITA","HKG",0.223877,2019
"LVA","HKG",1.119384,2019
"NZL","HKG",0.1,2019
"POL","HKG",4.92529,2019
"ROU","HKG",1.231323,2019
"RUS","HKG",2.78,2019
"SWE","HKG",0.783569,2019
"SVN","HKG",0.111938,2019
"USA","HKG",218,2019
"HRV","HUN",2.014891,2019
"HRV","IRL",1.119384,2019
"HRV","ITA",1.007446,2019
"HRV","POL",0.895507,2019
"ROU","HRV",0.223877,2019
"RUS","HRV",0.069,2019
"SWE","HRV",0.67163,2019
"SVN","HRV",0.783569,2019
"HRV","USA",1.358152,2019
"HUN","IRL",2.574583,2019
"HUN","IND",0.223877,2019
"HUN","ITA",2.79846,2019
"HUN","JPN",6.940181,2019
"HUN","LUX",2.12683,2019
"LVA","HUN",4.477536,2019
"HUN","NLD",17.126577,2019
"HUN","NOR",0.111938,2019
"HUN","POL",0.447753,2019
"HUN","PRT",0.111938,2019
"ROU","HUN",5.820797,2019
"HUN","RUS",0.198754,2019
"SWE","HUN",0.335816,2019
"SVK","HUN",0.895507,2019
"HUN","TUR",1.679076,2019
"HUN","TWN",2.462645,2019
"HUN","USA",22.372538,2019
"HUN","ZAF",0.223877,2019
"NLD","IDN",0.335815,2019
"RUS","IDN",0.013,2019
"SWE","IDN",0.447754,2019
"USA","IDN",46,2019
"ITA","IRL",15.111685,2019
"LTU","IRL",2.910399,2019
"LVA","IRL",1.119384,2019
"NLD","IRL",99.849062,2019
"POL","IRL",4.701413,2019
"PRT","IRL",2.238768,2019
"ROU","IRL",33.245708,2019
"SRB","IRL",2.238768,2019
"RUS","IRL",11.628,2019
"SWE","IRL",53.618499,2019
"SVN","IRL",0.559692,2019
"SVK","IRL",14.663932,2019
"ISR","ITA",0.9,2019
"RUS","ISR",0.514,2019
"USA","ISR",40.3,2019
"ITA","IND",0.111938,2019
"POL","IND",3.693968,2019
"RUS","IND",0.102,2019
"SWE","IND",4.92529,2019
"USA","IND",258,2019
"NLD","ISL",0.111938,2019
"ISL","NOR",0.223877,2019
"ISL","RUS",0.202877,2019
"ISL","SGP",2.79846,2019
"ISL","USA",1.567138,2019
"ITA","JPN",0.111938,2019
"ITA","KOR",0.111938,2019
"LTU","ITA",0.335815,2019
"ITA","LUX",1.119384,2019
"ITA","MAR",5.261105,2019
"ITA","MLT",0.335815,2019
"ITA","MYS",0.335815,2019
"NLD","ITA",118.766653,2019
"ITA","NOR",0.67163,2019
"POL","ITA",3.246213,2019
"PRT","ITA",9.514765,2019
"ROU","ITA",41.753027,2019
"RUS","ITA",3.344,2019
"SWE","ITA",11.193841,2019
"ITA","SGP",0.559692,2019
"SVN","ITA",2.014891,2019
"ITA","TUR",0.447754,2019
"ITA","USA",48.469332,2019
"ITA","VEN",0.111938,2019
"USA","JOR",8,2019
"NLD","JPN",116.080132,2019
"POL","JPN",0.559692,2019
"RUS","JPN",15.364,2019
"SWE","JPN",3.358152,2019
"SVN","JPN",0.895507,2019
"USA","JPN",600,2019
"RUS","KGZ",0.719,2019
"POL","KOR",0.223877,2019
"RUS","KOR",0.19,2019
"SWE","KOR",1.231323,2019
"SVN","KOR",0.111938,2019
"USA","KOR",139,2019
"RUS","KAZ",6.946,2019
"RUS","LBN",0.001,2019
"LVA","LTU",1.119384,2019
"NLD","LTU",1.007446,2019
"LTU","NOR",2.686522,2019
"POL","LTU",1.119384,2019
"RUS","LTU",0.239246,2019
"LTU","SWE",2.910399,2019
"LTU","USA",1.589475,2019
"LTU","ZAF",0.111938,2019
"POL","LUX",5.708859,2019
"ROU","LUX",3.358152,2019
"RUS","LUX",0.134,2019
"SWE","LUX",0.783569,2019
"USA","LUX",51,2019
"LVA","MLT",2.238768,2019
"NLD","LVA",0.223877,2019
"LVA","NOR",1.119384,2019
"LVA","POL",0.895507,2019
"ROU","LVA",0.223877,2019
"LVA","RUS",5.128457,2019
"SWE","LVA",0.783569,2019
"LVA","TUR",1.119384,2019
"LVA","USA",0.358152,2019
"SWE","MAR",0.559692,2019
"USA","MAR",5,2019
"RUS","MDA",0.792,2019
"RUS","MKD",0.055,2019
"RUS","MNG",0.026,2019
"NLD","MLT",4.813352,2019
"POL","MLT",4.477536,2019
"ROU","MLT",6.156613,2019
"RUS","MLT",0.034,2019
"SWE","MLT",12.760979,2019
"USA","MLT",4,2019
"POL","MEX",1.343261,2019
"RUS","MEX",0.003,2019
"SWE","MEX",0.223877,2019
"SVN","MEX",0.335815,2019
"USA","MEX",105,2019
"SWE","MYS",0.335815,2019
"SVN","MYS",0.223877,2019
"USA","MYS",42,2019
"SWE","NGA",0.335815,2019
"NLD","NZL",0.895507,2019
"NLD","PHL",0.67163,2019
"POL","NLD",5.70885899999999,2019
"PRT","NLD",3.358152,2019
"ROU","NLD",4.141722,2019
"SRB","NLD",2.238768,2019
"NLD","RUS",2.879272,2019
"NLD","SWE",103.095276,2019
"NLD","SGP",1.902953,2019
"NLD","SVN",1.679076,2019
"SVK","NLD",0.447754,2019
"USA","NLD",243,2019
"POL","NOR",1.567138,2019
"ROU","NOR",0.223877,2019
"RUS","NOR",0.346,2019
"SWE","NOR",42.312719,2019
"SVN","NOR",0.895507,2019
"USA","NOR",43,2019
"SWE","NZL",0.223877,2019
"SVN","NZL",0.111938,2019
"USA","NZL",43.4,2019
"USA","OMN",26,2019
"RUS","PAN",0.057,2019
"USA","PAN",3,2019
"USA","PER",16,2019
"RUS","PNG",0.006,2019
"POL","PHL",0.223877,2019
"SWE","PHL",0.111938,2019
"USA","PHL",39,2019
"POL","PRT",0.223877,2019
"ROU","POL",2.462645,2019
"POL","RUS",0.281692,2019
"POL","SWE",6.044674,2019
"POL","SGP",3.693968,2019
"SVN","POL",1.231323,2019
"POL","SVK",0.783569,2019
"POL","TUR",0.783569,2019
"POL","USA",22.820038,2019
"POL","ZAF",1.567138,2019
"ROU","PRT",0.67163,2019
"RUS","PRT",0.005,2019
"SWE","PRT",1.007446,2019
"SVN","PRT",0.111938,2019
"USA","PRT",39.761232,2019
"RUS","ROU",0.293,2019
"ROU","SWE",2.014891,2019
"SVN","ROU",1.567138,2019
"ROU","SVK",0.111939,2019
"ROU","TUR",2.12683,2019
"ROU","USA",128.825966,2019
"RUS","SRB",0.036,2019
"SRB","USA",4.477536,2019
"RUS","SYC",0.003,2019
"SWE","RUS",5.263921,2019
"RUS","SGP",0.843,2019
"SVN","RUS",3.111275,2019
"RUS","SVK",0.012,2019
"RUS","THA",0.002,2019
"RUS","TJK",1.281,2019
"RUS","TKM",0.208,2019
"RUS","TUR",1.156,2019
"RUS","TWN",0.341,2019
"RUS","UKR",1.042,2019
"USA","RUS",119.222,2019
"RUS","UZB",0.248,2019
"RUS","VNM",0.049,2019
"RUS","ZAF",0.013,2019
"SWE","SGP",1.119384,2019
"SVN","SWE",0.111938,2019
"SWE","SVK",0.223877,2019
"SWE","THA",0.447754,2019
"SWE","TUR",4.25366,2019
"SWE","TWN",0.67163,2019
"USA","SWE",80.799472,2019
"SWE","ZAF",1.455199,2019
"SVN","SGP",0.223877,2019
"SVK","SGP",0.111938,2019
"USA","SGP",256,2019
"SVN","SVK",0.447754,2019
"SVN","THA",0.111938,2019
"SVN","TWN",1.567138,2019
"SVN","USA",7.507319,2019
"SVN","ZAF",0.111938,2019
"USA","SVK",4.440308,2019
"USA","SLV",2,2019
"USA","THA",41,2019
"USA","TUR",116,2019
"USA","TWN",78,2019
"USA","VNM",24,2019
"USA","ZAF",58,2019
"BLR","ARE",0.0897,2020
"RUS","ARE",1.431,2020
"ALB","BGR",0.341864,2020
"ALB","DEU",0.227909,2020
"ALB","GBR",0.113955,2020
"ALB","ITA",0.569774,2020
"BLR","ARM",0.0098,2020
"RUS","ARM",0.85,2020
"ARG","BRA",0.4,2020
"ARG","CAN",0.1,2020
"ARG","CHE",1.5,2020
"ARG","CHL",0.5,2020
"ARG","CHN",0.1,2020
"COL","ARG",5,2020
"ARG","DEU",0.2,2020
"ARG","ECU",0.4,2020
"ESP","ARG",1.179094,2020
"ARG","GBR",4.2,2020
"ARG","ISR",0.1,2020
"ITA","ARG",0.113955,2020
"ARG","MEX",1.8,2020
"ARG","PAN",0.2,2020
"ARG","PER",0.1,2020
"ARG","PRY",0.1,2020
"SWE","ARG",0.455819,2020
"SVK","ARG",0.113955,2020
"ARG","USA",2.9,2020
"ARG","URY",1.2,2020
"AUT","AUS",1.139547,2020
"BIH","AUT",2.393049,2020
"BEL","AUT",2.279095,2020
"BGR","AUT",1.595366,2020
"BLR","AUT",0.0447,2020
"AUT","CHE",5.697736,2020
"AUT","CHN",2.279094,2020
"AUT","CZE",0.911637,2020
"AUT","DEU",125.232087,2020
"DNK","AUT",13.902476,2020
"EST","AUT",0.455819,2020
"AUT","ESP",1.139547,2020
"AUT","FRA",3.418642,2020
"AUT","GBR",27.096004,2020
"GRC","AUT",0.113955,2020
"AUT","HUN",2.620959,2020
"AUT","IRL",4.558189,2020
"AUT","ITA",2.734914,2020
"LTU","AUT",0.113955,2020
"AUT","LUX",1.139547,2020
"AUT","NLD",127.857201,2020
"POL","AUT",0.911638,2020
"ROU","AUT",4.33028,2020
"RUS","AUT",0.599,2020
"SWE","AUT",6.49542,2020
"AUT","SGP",2.279094,2020
"SVN","AUT",7.862876,2020
"SVK","AUT",20.397896,2020
"AUT","USA",35.837815,2020
"BGD","AUS",0.001,2020
"BEL","AUS",1.139547,2020
"BGR","AUS",3.874461,2020
"BLR","AUS",0.0219,2020
"CZE","AUS",0.113955,2020
"DEU","AUS",26.3,2020
"DNK","AUS",1.823276,2020
"GBR","AUS",225.6,2020
"HUN","AUS",2.16514,2020
"ITA","AUS",1.823276,2020
"LVA","AUS",2.279094,2020
"NZL","AUS",8.6,2020
"POL","AUS",3.076778,2020
"ROU","AUS",2.16514,2020
"RUS","AUS",0.203,2020
"SWE","AUS",2.051185,2020
"SVN","AUS",6.381465,2020
"SVK","AUS",0.113955,2020
"USA","AUS",134,2020
"BLR","AZE",0.0031,2020
"RUS","AZE",0.791,2020
"BIH","BEL",0.341864,2020
"BIH","BGR",0.113955,2020
"BIH","CHE",0.569774,2020
"BIH","CHN",0.227909,2020
"BIH","CYP",0.227909,2020
"BIH","CZE",0.113955,2020
"BIH","DEU",4.10237,2020
"BIH","DNK",0.113955,2020
"BIH","FRA",0.341864,2020
"BIH","GBR",1.367457,2020
"BIH","HRV",2.051185,2020
"BIH","HUN",0.227909,2020
"BIH","IRL",0.113955,2020
"BIH","ITA",0.683728,2020
"BIH","LTU",0.113955,2020
"BIH","LUX",0.341864,2020
"BIH","NLD",0.455819,2020
"BIH","NOR",0.113955,2020
"BIH","POL",0.113955,2020
"BIH","ROU",0.113955,2020
"RUS","BIH",0.031045,2020
"BIH","SWE",0.341864,2020
"BIH","SGP",0.113955,2020
"BIH","SVN",1.709321,2020
"BIH","SVK",0.113955,2020
"BIH","TUR",0.113955,2020
"BIH","USA",0.911638,2020
"BGD","BEL",0.011,2020
"BGD","BGR",0.001,2020
"BGD","CHE",0.002,2020
"BGD","CHN",0.049,2020
"BGD","CYP",0.002,2020
"BGD","CZE",0.001,2020
"BGD","DEU",0.081,2020
"BGD","FRA",0.002,2020
"BGD","GBR",0.081,2020
"BGD","HKG",0.012,2020
"BGD","IDN",0.011,2020
"BGD","IRL",0.02,2020
"BGD","IND",0.035,2020
"BGD","ITA",0.002,2020
"BGD","JPN",0.009,2020
"BGD","KHM",0.001,2020
"BGD","KOR",0.002,2020
"BGD","LVA",0.001,2020
"BGD","MYS",0.012,2020
"BGD","NLD",0.007,2020
"BGD","NOR",0.008,2020
"BGD","NZL",0.003,2020
"BGD","QAT",0.001,2020
"BGD","RUS",0.017,2020
"BGD","SAU",0.003,2020
"BGD","SGP",0.025,2020
"BGD","THA",0.012,2020
"BGD","TUR",0.001,2020
"BGD","USA",0.235,2020
"BGD","VNM",0.017,2020
"BGR","BEL",3.532596,2020
"BLR","BEL",0.0358,2020
"BEL","CAN",2.279094,2020
"BEL","CHN",2.279094,2020
"BEL","CYP",1.139547,2020
"BEL","CZE",1.481411,2020
"BEL","DEU",21.600532,2020
"BEL","DNK",3.760505,2020
"EST","BEL",0.683728,2020
"ESP","BEL",10.255925,2020
"GBR","BEL",8.262185,2020
"BEL","GRC",1.823275,2020
"BEL","HKG",1.139547,2020
"BEL","HRV",1.139547,2020
"BEL","HUN",1.93723,2020
"BEL","IRL",12.53502,2020
"BEL","ITA",9.230332,2020
"BEL","JPN",2.279094,2020
"BEL","KOR",3.418642,2020
"BEL","LTU",1.025592,2020
"BEL","LUX",11.395472,2020
"BEL","LVA",1.139547,2020
"BEL","MLT",1.139547,2020
"NLD","BEL",159.308705,2020
"BEL","NOR",1.139547,2020
"BEL","POL",3.418642,2020
"BEL","PRT",1.139547,2020
"ROU","BEL",17.321119,2020
"RUS","BEL",1.012,2020
"BEL","SWE",0.113955,2020
"BEL","SGP",1.139547,2020
"SVN","BEL",0.455819,2020
"BEL","SVK",1.139547,2020
"BEL","TUR",2.279094,2020
"BEL","USA",11.907323,2020
"BEL","ZAF",2.279094,2020
"BGR","BRA",0.113955,2020
"BLR","BGR",0.7281,2020
"BGR","CAN",2.962823,2020
"BGR","CHE",6.837283,2020
"BGR","CHN",1.709321,2020
"BGR","CYP",36.465512,2020
"BGR","CZE",2.39305,2020
"BGR","DEU",11.488522,2020
"BGR","DNK",11.281517,2020
"BGR","EST",0.455819,2020
"BGR","ESP",25.183995,2020
"BGR","FIN",0.113955,2020
"BGR","FRA",16.523435,2020
"BGR","GBR",38.537656,2020
"GRC","BGR",0.797683,2020
"BGR","HKG",1.93723,2020
"BGR","HRV",1.253502,2020
"BGR","HUN",5.811691,2020
"BGR","IDN",0.113955,2020
"BGR","IRL",42.391158,2020
"BGR","IND",0.113955,2020
"BGR","ISL",0.569774,2020
"BGR","ITA",1.139547,2020
"BGR","JPN",0.113955,2020
"BGR","KOR",0.113955,2020
"BGR","LUX",1.253502,2020
"BGR","MLT",1.139547,2020
"BGR","MYS",0.113955,2020
"BGR","NLD",50.595898,2020
"BGR","NOR",0.113955,2020
"BGR","NZL",0.227909,2020
"POL","BGR",0.113955,2020
"BGR","PRT",0.683728,2020
"BGR","ROU",0.683728,2020
"BGR","RUS",0.00677400000000006,2020
"BGR","SWE",0.797683,2020
"BGR","SGP",1.139547,2020
"SVN","BGR",0.227909,2020
"BGR","SVK",7.634967,2020
"BGR","TUR",0.113955,2020
"BGR","USA",33.060878,2020
"BGR","ZAF",2.507004,2020
"USA","BHR",3,2020
"USA","BMU",5,2020
"USA","BRN",1,2020
"COL","BOL",0.32,2020
"BLR","BRA",0.0033,2020
"COL","BRA",10.15,2020
"GBR","BRA",39.7,2020
"ITA","BRA",2.393049,2020
"POL","BRA",0.227909,2020
"PRT","BRA",1.139547,2020
"ROU","BRA",0.227909,2020
"RUS","BRA",0.004,2020
"SWE","BRA",0.113955,2020
"SVN","BRA",0.341864,2020
"RUS","BHS",0.077,2020
"BLR","CHE",0.3673,2020
"BLR","CHN",0.0204,2020
"BLR","CUW",0.1001,2020
"BLR","CYP",0.3656,2020
"BLR","CZE",0.7025,2020
"BLR","DEU",0.4525,2020
"BLR","DNK",0.0006,2020
"BLR","EST",0.0805,2020
"BLR","ESP",0.001,2020
"BLR","FIN",0.0065,2020
"BLR","FRA",0.192,2020
"BLR","GBR",0.6435,2020
"BLR","GEO",0.0128,2020
"BLR","HKG",0.2135,2020
"BLR","HRV",0.0531,2020
"BLR","HUN",0.1081,2020
"BLR","IRL",0.131,2020
"BLR","ISR",0.0184,2020
"BLR","IND",0.0291,2020
"BLR","IRN",0.0001,2020
"BLR","ISL",0.0036,2020
"BLR","ITA",0.1081,2020
"BLR","JPN",0.0114,2020
"BLR","KOR",0.0207,2020
"BLR","KAZ",0.0749,2020
"BLR","LTU",0.3001,2020
"BLR","LVA",1.1832,2020
"BLR","MDA",0.0101,2020
"BLR","MLT",0.039,2020
"BLR","NLD",2.2111,2020
"BLR","PAK",0.0007,2020
"BLR","POL",0.3924,2020
"BLR","PSE",0.0194,2020
"BLR","PSE",0.0194,2020
"BLR","QAT",0.0002,2020
"BLR","ROU",0.007,2020
"BLR","SRB",0.0598,2020
"BLR","RUS",3.5184,2020
"BLR","SYC",0.011,2020
"BLR","SDN",0.0001,2020
"BLR","SWE",0.0233,2020
"BLR","SGP",0.0358,2020
"BLR","SVN",0.1052,2020
"BLR","SVK",0.1729,2020
"BLR","TUR",0.0297,2020
"BLR","UKR",0.4113,2020
"BLR","USA",0.6451,2020
"BLR","UZB",0.002,2020
"BLR","VCT",0.0108,2020
"BLR","VUT",0.0332,2020
"RUS","BLZ",0.346,2020
"COL","CAN",4.36,2020
"CRI","CAN",57.293227,2020
"CZE","CAN",4.444234,2020
"DNK","CAN",1.025593,2020
"FIN","CAN",1.139547,2020
"GBR","CAN",160.3,2020
"HUN","CAN",0.113955,2020
"ISL","CAN",0.227909,2020
"ITA","CAN",1.367457,2020
"LVA","CAN",4.558189,2020
"NZL","CAN",0.1,2020
"POL","CAN",1.025593,2020
"ROU","CAN",18.346711,2020
"RUS","CAN",0.089,2020
"SWE","CAN",1.139547,2020
"SVN","CAN",1.367457,2020
"SVK","CAN",0.113955,2020
"CAN","USA",958.2,2020
"COL","CHE",3.85,2020
"CRI","CHE",3.83218,2020
"CZE","CHE",3.076778,2020
"DEU","CHE",56,2020
"DNK","CHE",61.193687,2020
"EST","CHE",8.318695,2020
"FIN","CHE",1.139547,2020
"GBR","CHE",235.9,2020
"GRC","CHE",1.595366,2020
"HRV","CHE",2.279094,2020
"HUN","CHE",3.874461,2020
"ISL","CHE",0.569774,2020
"ITA","CHE",31.337549,2020
"LTU","CHE",0.113955,2020
"LVA","CHE",1.139547,2020
"POL","CHE",99.026656,2020
"PRT","CHE",4.558189,2020
"ROU","CHE",43.758614,2020
"RUS","CHE",7.045,2020
"SWE","CHE",21.195579,2020
"SVN","CHE",2.734913,2020
"SVK","CHE",1.253502,2020
"USA","CHE",391,2020
"COL","CHL",8.86,2020
"DEU","CHL",1.1,2020
"ESP","CHL",2.279094,2020
"GBR","CHL",6.4,2020
"ITA","CHL",0.113955,2020
"SWE","CHL",0.341864,2020
"SVN","CHL",0.113955,2020
"USA","CHL",14,2020
"DEU","CHN",52.5,2020
"DNK","CHN",0.341864,2020
"GBR","CHN",242.3,2020
"HUN","CHN",2.962823,2020
"IRL","CHN",5.697736,2020
"ITA","CHN",3.646551,2020
"POL","CHN",0.569774,2020
"RUS","CHN",2.602,2020
"SWE","CHN",4.900053,2020
"USA","CHN",204,2020
"COL","CRI",10.334518,2020
"COL","DEU",1.2,2020
"COL","DOM",2.11,2020
"COL","ECU",20.89,2020
"COL","ESP",17.32,2020
"COL","GBR",0.89,2020
"COL","GTM",1.36,2020
"COL","HND",1.14,2020
"COL","IRL",6.67,2020
"COL","ITA",0.47,2020
"COL","MEX",20.52,2020
"COL","NIC",0.44,2020
"COL","PAN",5.77,2020
"COL","PER",8.01,2020
"COL","PRY",2.95,2020
"COL","SLV",2.6,2020
"COL","TTO",0.09,2020
"COL","USA",77.53,2020
"COL","URY",0.71,2020
"COL","VEN",4.23,2020
"COL","ZAF",0.12,2020
"CRI","DEU",11.240363,2020
"CRI","ECU",0.147352,2020
"CRI","ESP",2.554787,2020
"CRI","GBR",53.967788,2020
"CRI","GTM",4.699388,2020
"CRI","HND",5.095752,2020
"CRI","IRL",89.560122,2020
"CRI","IND",8.495127,2020
"CRI","JPN",1.277393,2020
"CRI","LUX",8.020437,2020
"CRI","MEX",0.5153,2020
"CRI","NIC",4.869258,2020
"CRI","NLD",158.734987,2020
"CRI","PAN",9.546606,2020
"CRI","PER",0.879916,2020
"CRI","SLV",4.933971,2020
"CRI","USA",897.132515,2020
"CZE","CYP",1.595366,2020
"DNK","CYP",1.025593,2020
"EST","CYP",1.709321,2020
"GBR","CYP",6.4,2020
"GRC","CYP",2.051185,2020
"HUN","CYP",1.025593,2020
"LTU","CYP",0.227909,2020
"LVA","CYP",6.837283,2020
"NLD","CYP",10.14197,2020
"POL","CYP",4.10237,2020
"ROU","CYP",20.51185,2020
"RUS","CYP",7.106,2020
"SWE","CYP",1.253502,2020
"SVN","CYP",0.227909,2020
"SVK","CYP",2.620959,2020
"USA","CYP",4,2020
"CZE","DEU",4.437443,2020
"CZE","DNK",3.874461,2020
"CZE","EST",0.683728,2020
"CZE","ESP",0.797683,2020
"CZE","FIN",0.22791,2020
"CZE","FRA",2.16514,2020
"CZE","GBR",42.172675,2020
"GRC","CZE",0.22791,2020
"CZE","HKG",0.341864,2020
"CZE","HRV",0.113955,2020
"CZE","IRL",8.43265,2020
"CZE","ITA",3.874461,2020
"CZE","LTU",0.22791,2020
"CZE","LUX",0.341864,2020
"LVA","CZE",0.455819,2020
"CZE","MLT",0.227909,2020
"NLD","CZE",23.360718,2020
"CZE","NOR",0.341864,2020
"CZE","POL",0.569773,2020
"CZE","PRT",0.113955,2020
"ROU","CZE",4.33028,2020
"CZE","RUS",2.735823,2020
"SWE","CZE",2.848868,2020
"SVN","CZE",2.279095,2020
"CZE","SVK",2.393049,2020
"CZE","USA",52.763461,2020
"DNK","DEU",97.545244,2020
"EST","DEU",5.355872,2020
"DEU","ESP",16.074035,2020
"FIN","DEU",4.558189,2020
"GBR","DEU",275.3,2020
"DEU","GRC",2.320906,2020
"DEU","HKG",14.8,2020
"DEU","HRV",1.160453,2020
"HUN","DEU",5.811691,2020
"DEU","IRL",581.4,2020
"ISR","DEU",1.3,2020
"DEU","IND",35.4,2020
"ISL","DEU",0.569774,2020
"DEU","ITA",91.243862,2020
"DEU","JPN",18.3,2020
"DEU","KOR",11.4,2020
"LTU","DEU",0.455819,2020
"LVA","DEU",2.279094,2020
"DEU","MEX",8,2020
"DEU","MYS",8,2020
"NLD","DEU",525.976365,2020
"POL","DEU",8.342236,2020
"DEU","PRT",4.581358,2020
"ROU","DEU",182.327559,2020
"SRB","DEU",1.139547,2020
"RUS","DEU",4.429,2020
"DEU","SWE",5.239281,2020
"SVN","DEU",20.169986,2020
"SVK","DEU",14.814114,2020
"DEU","TUR",13.7,2020
"DEU","TWN",2.3,2020
"DEU","ZAF",4.6,2020
"EST","DNK",1.709321,2020
"DNK","ESP",5.925646,2020
"DNK","FIN",34.9841,2020
"DNK","FRA",4.786098,2020
"GBR","DNK",41.348549,2020
"DNK","GRC",0.911638,2020
"DNK","HRV",0.455819,2020
"DNK","HUN",1.937231,2020
"DNK","IRL",11.053608,2020
"DNK","IND",0.113955,2020
"DNK","ISL",0.341864,2020
"DNK","ITA",23.018854,2020
"DNK","JPN",0.569774,2020
"DNK","KOR",2.279094,2020
"LTU","DNK",2.16514,2020
"DNK","LUX",0.455819,2020
"DNK","LVA",0.911638,2020
"DNK","MLT",8.660559,2020
"DNK","MEX",0.341864,2020
"DNK","MYS",0.341864,2020
"NLD","DNK",13.902476,2020
"DNK","NOR",80.224126,2020
"DNK","PHL",0.455819,2020
"DNK","POL",17.093209,2020
"DNK","PRT",0.341864,2020
"ROU","DNK",10.028016,2020
"RUS","DNK",0.254,2020
"DNK","SWE",17.207163,2020
"DNK","SGP",0.341864,2020
"DNK","SVN",0.22791,2020
"DNK","SVK",2.39305,2020
"DNK","THA",0.113955,2020
"DNK","TUR",3.190732,2020
"DNK","USA",7.272356,2020
"DNK","ZAF",2.848868,2020
"USA","DOM",1,2020
"EST","ESP",6.26751,2020
"EST","FIN",2.848868,2020
"EST","FRA",3.190732,2020
"EST","GBR",14.130386,2020
"EST","HKG",1.139547,2020
"EST","IRL",1.481411,2020
"EST","ITA",2.507004,2020
"EST","LUX",0.113955,2020
"EST","LVA",0.455819,2020
"EST","MLT",0.911638,2020
"EST","NLD",2.848868,2020
"EST","NOR",0.341864,2020
"EST","POL",0.797683,2020
"EST","PRT",0.227909,2020
"ROU","EST",6.153556,2020
"EST","RUS",0.482728,2020
"SWE","EST",1.367456,2020
"EST","SGP",0.797683,2020
"SVN","EST",0.113955,2020
"SVK","EST",0.113955,2020
"EST","USA",1.051185,2020
"GBR","EGY",20.5,2020
"GRC","EGY",0.227909,2020
"SWE","EGY",0.455819,2020
"FIN","ESP",1.139547,2020
"ESP","FRA",39.884154,2020
"ESP","GBR",34.189744,2020
"GRC","ESP",0.113955,2020
"HUN","ESP",3.988415,2020
"ESP","IRL",29.628228,2020
"ISL","ESP",0.227909,2020
"ITA","ESP",0.113954000000001,2020
"LTU","ESP",0.227909,2020
"ESP","LUX",1.139547,2020
"ESP","MEX",3.418642,2020
"NLD","ESP",134.694485,2020
"POL","ESP",3.874461,2020
"ESP","PRT",7.976831,2020
"ROU","ESP",5.925646,2020
"RUS","ESP",0.278,2020
"SWE","ESP",22.335126,2020
"SVN","ESP",2.279094,2020
"SVK","ESP",0.341864,2020
"ESP","USA",38.117441,2020
"FIN","FRA",3.418642,2020
"GBR","FIN",36.762717,2020
"GRC","FIN",1.253502,2020
"HUN","FIN",0.113955,2020
"FIN","IRL",3.418642,2020
"ISL","FIN",0.227909,2020
"FIN","ITA",1.025592,2020
"FIN","KOR",1.139547,2020
"LTU","FIN",1.139547,2020
"NLD","FIN",27.23518,2020
"FIN","NOR",1.139547,2020
"POL","FIN",0.569774,2020
"ROU","FIN",7.521012,2020
"RUS","FIN",0.543,2020
"SWE","FIN",2.507004,2020
"FIN","SGP",4.558189,2020
"SVN","FIN",1.253502,2020
"SVK","FIN",0.227909,2020
"FIN","USA",3.953661,2020
"GBR","FRA",330.8,2020
"GRC","FRA",1.595366,2020
"HUN","FRA",2.848868,2020
"ISR","FRA",3.3,2020
"ISL","FRA",0.569774,2020
"ITA","FRA",12.53502,2020
"LTU","FRA",0.341864,2020
"NLD","FRA",401.234585,2020
"POL","FRA",8.774514,2020
"PRT","FRA",4.558189,2020
"RUS","FRA",5.908,2020
"SWE","FRA",14.358295,2020
"SVN","FRA",3.418642,2020
"SVK","FRA",0.341864,2020
"USA","FRA",121,2020
"GBR","GRC",11.839441,2020
"GBR","HKG",128.2,2020
"HRV","GBR",1.139547,2020
"HUN","GBR",0.525699,2020
"GBR","IDN",14.1,2020
"GBR","IRL",100,2020
"ISR","GBR",22.8,2020
"GBR","IND",80.8,2020
"ISL","GBR",2.734913,2020
"GBR","ITA",64.596567,2020
"GBR","JPN",253.8,2020
"GBR","KOR",84.6,2020
"LTU","GBR",1.025593,2020
"GBR","LUX",59,2020
"LVA","GBR",3.418642,2020
"GBR","MLT",12.8,2020
"GBR","MEX",19.2,2020
"GBR","MYS",29.5,2020
"NLD","GBR",1032.697178,2020
"GBR","NZL",12.7,2020
"GBR","PHL",7.7,2020
"GBR","PAK",15.4,2020
"POL","GBR",94.736189,2020
"GBR","PRT",9.862717,2020
"ROU","GBR",160.676162,2020
"SRB","GBR",1.139547,2020
"GBR","RUS",61.5,2020
"GBR","SAU",42.3,2020
"GBR","SWE",36.578563,2020
"GBR","SGP",105.1,2020
"GBR","SVN",0.99763,2020
"SVK","GBR",22.135179,2020
"GBR","THA",20.5,2020
"GBR","TUR",35.9,2020
"GBR","TWN",44.9,2020
"GBR","USA",2306,2020
"GBR","ZAF",44.9,2020
"RUS","GEO",0.099,2020
"GRC","HRV",0.113955,2020
"GRC","HUN",0.341864,2020
"GRC","IRL",10.14197,2020
"GRC","ITA",0.113955,2020
"LTU","GRC",1.253502,2020
"GRC","LUX",0.683728,2020
"LVA","GRC",1.139547,2020
"GRC","MLT",0.911638,2020
"NLD","GRC",0.911638,2020
"ROU","GRC",5.583781,2020
"GRC","RUS",0.086955,2020
"GRC","SWE",1.481412,2020
"SVN","GRC",0.113955,2020
"GRC","SVK",0.113955,2020
"GRC","THA",0.227909,2020
"GRC","TUR",0.455819,2020
"USA","GRC",15.011585,2020
"GRC","ZAF",0.227909,2020
"USA","GTM",1,2020
"HRV","HKG",3.418642,2020
"ISL","HKG",4.10237,2020
"ITA","HKG",0.341864,2020
"LVA","HKG",1.139547,2020
"POL","HKG",6.381465,2020
"ROU","HKG",2.393049,2020
"RUS","HKG",4.465,2020
"SWE","HKG",0.797683,2020
"SVN","HKG",0.797683,2020
"USA","HKG",73,2020
"HUN","HRV",0.113955,2020
"HRV","ITA",1.025592,2020
"HRV","POL",1.70932,2020
"ROU","HRV",1.367457,2020
"RUS","HRV",0.069,2020
"SWE","HRV",0.683728,2020
"SVN","HRV",0.797684,2020
"SVK","HRV",0.227909,2020
"HRV","TUR",1.139547,2020
"HRV","USA",0.139547,2020
"HUN","IRL",1.253502,2020
"HUN","ITA",1.253502,2020
"HUN","JPN",2.620959,2020
"HUN","LUX",2.507004,2020
"LVA","HUN",7.748922,2020
"HUN","NLD",19.600213,2020
"HUN","NOR",0.113955,2020
"POL","HUN",2.393049,2020
"HUN","PRT",0.113955,2020
"ROU","HUN",9.572196,2020
"RUS","HUN",0.112091,2020
"SWE","HUN",0.569773,2020
"SVN","HUN",1.139547,2020
"SVK","HUN",2.507004,2020
"HUN","TUR",0.227909,2020
"HUN","TWN",1.595366,2020
"HUN","USA",21.374726,2020
"RUS","IDN",0.019,2020
"SWE","IDN",0.341864,2020
"USA","IDN",12,2020
"ITA","IRL",16.181571,2020
"LTU","IRL",3.190732,2020
"LVA","IRL",1.139547,2020
"NLD","IRL",1837.975754,2020
"POL","IRL",13.104793,2020
"PRT","IRL",2.279094,2020
"ROU","IRL",48.088894,2020
"SRB","IRL",3.418642,2020
"RUS","IRL",7.353,2020
"SWE","IRL",13.560612,2020
"SVN","IRL",2.16514,2020
"SVK","IRL",12.30711,2020
"IRL","USA",150.420237,2020
"ISR","ITA",1,2020
"RUS","ISR",0.528,2020
"USA","ISR",12.7,2020
"ITA","IND",0.797683,2020
"POL","IND",3.304687,2020
"RUS","IND",0.086,2020
"SWE","IND",2.848868,2020
"SVN","IND",0.113955,2020
"SVK","IND",0.113955,2020
"USA","IND",81,2020
"ISL","ITA",0.227909,2020
"ISL","NLD",1.139547,2020
"ISL","PRT",0.113955,2020
"SRB","ISL",1.139547,2020
"ISL","SWE",0.569774,2020
"ISL","SGP",1.93723,2020
"ISL","USA",1.823276,2020
"ITA","JPN",0.113955,2020
"LTU","ITA",0.455819,2020
"ITA","LUX",1.367457,2020
"ITA","MAR",2.507004,2020
"ITA","MLT",0.341864,2020
"NLD","ITA",157.143566,2020
"ITA","NOR",1.025593,2020
"POL","ITA",2.848868,2020
"PRT","ITA",10.939653,2020
"ROU","ITA",26.551451,2020
"RUS","ITA",3.110045,2020
"SWE","ITA",14.016432,2020
"ITA","SGP",0.341864,2020
"SVN","ITA",5.697737,2020
"SVK","ITA",0.113955,2020
"ITA","TUR",0.683728,2020
"USA","ITA",32.743543,2020
"ITA","VEN",0.113955,2020
"POL","JPN",0.569774,2020
"RUS","JPN",1.312,2020
"SWE","JPN",2.848868,2020
"SVN","JPN",1.481411,2020
"USA","JPN",361,2020
"RUS","KGZ",0.547,2020
"RUS","KOR",0.51,2020
"SWE","KOR",1.253502,2020
"SVN","KOR",0.113955,2020
"USA","KOR",59,2020
"RUS","KAZ",6.685,2020
"LTU","LUX",0.113955,2020
"LVA","LTU",0.113954,2020
"NLD","LTU",2.962822,2020
"LTU","NOR",3.076778,2020
"POL","LTU",1.025593,2020
"ROU","LTU",1.93723,2020
"LTU","RUS",0.152819,2020
"LTU","SWE",7.634966,2020
"SVK","LTU",0.113955,2020
"LTU","USA",3.33028,2020
"LTU","ZAF",0.113955,2020
"NLD","LUX",26.323541,2020
"POL","LUX",6.153555,2020
"ROU","LUX",2.16514,2020
"SRB","LUX",1.139547,2020
"RUS","LUX",0.997,2020
"SWE","LUX",0.683728,2020
"SVN","LUX",0.227909,2020
"USA","LUX",37,2020
"LVA","MLT",4.558189,2020
"NLD","LVA",0.797683,2020
"LVA","NOR",1.139547,2020
"POL","LVA",0.797683,2020
"ROU","LVA",0.455819,2020
"LVA","RUS",5.947283,2020
"LVA","SGP",1.139547,2020
"LVA","SVK",1.139547,2020
"LVA","USA",0.279094,2020
"SWE","MAR",0.455819,2020
"USA","MAR",6,2020
"RUS","MDA",0.217,2020
"RUS","MKD",0.049,2020
"RUS","MNG",0.018,2020
"NLD","MLT",4.786098,2020
"POL","MLT",6.951238,2020
"ROU","MLT",9.686152,2020
"RUS","MLT",0.077,2020
"SWE","MLT",19.030439,2020
"SVN","MLT",0.227909,2020
"USA","MLT",4,2020
"POL","MEX",0.569774,2020
"SVN","MEX",0.797683,2020
"NLD","MYS",0.113955,2020
"POL","MYS",0.227909,2020
"RUS","MYS",0.003,2020
"SWE","MYS",0.455819,2020
"SVN","MYS",0.113955,2020
"USA","MYS",20,2020
"SWE","NGA",0.455819,2020
"USA","NGA",6,2020
"NLD","NOR",3.532596,2020
"NLD","PHL",0.683728,2020
"POL","NLD",79.198534,2020
"PRT","NLD",2.279094,2020
"ROU","NLD",60.965778,2020
"SRB","NLD",1.139547,2020
"RUS","NLD",5.197,2020
"SWE","NLD",10.939654,2020
"SVN","NLD",0.22791,2020
"SVK","NLD",0.683728,2020
"NLD","THA",0.227909,2020
"USA","NLD",151,2020
"POL","NOR",1.025593,2020
"ROU","NOR",0.227909,2020
"RUS","NOR",0.147,2020
"SWE","NOR",34.870146,2020
"SVN","NOR",0.113955,2020
"USA","NOR",19,2020
"SWE","NZL",0.341864,2020
"SVN","NZL",0.683728,2020
"USA","NZL",15.2,2020
"USA","OMN",8,2020
"RUS","PAN",0.088,2020
"USA","PAN",1,2020
"RUS","PER",0.02,2020
"USA","PER",5,2020
"RUS","PHL",0.014,2020
"USA","PHL",12,2020
"POL","PRT",0.227909,2020
"ROU","POL",0.113955,2020
"POL","RUS",0.635593,2020
"POL","SWE",5.014008,2020
"POL","SGP",4.900053,2020
"SVN","POL",3.418642,2020
"POL","SVK",1.823275,2020
"POL","TUR",0.797683,2020
"POL","USA",35.507536,2020
"ROU","PRT",0.683728,2020
"RUS","PRT",0.002,2020
"SWE","PRT",1.139547,2020
"SVN","PRT",0.455819,2020
"USA","PRT",12.302264,2020
"RUS","ROU",0.403091,2020
"ROU","SWE",1.481412,2020
"ROU","SGP",0.455819,2020
"SVN","ROU",0.569774,2020
"SVK","ROU",0.113955,2020
"ROU","THA",1.139547,2020
"ROU","TUR",1.139547,2020
"ROU","USA",179.378744,2020
"RUS","SRB",0.029,2020
"SRB","USA",5.697736,2020
"RUS","SYC",0.02,2020
"SWE","RUS",7.173012,2020
"RUS","SGP",2.444,2020
"SVN","RUS",2.727913,2020
"SVK","RUS",0.089955,2020
"RUS","THA",0.017,2020
"RUS","TJK",0.656,2020
"RUS","TKM",0.088,2020
"RUS","TUR",0.353,2020
"RUS","TWN",0.27,2020
"RUS","UKR",0.97,2020
"USA","RUS",60.37,2020
"RUS","UZB",0.222,2020
"RUS","VNM",0.064,2020
"RUS","ZAF",0.041,2020
"SWE","SGP",1.253502,2020
"SWE","SVN",0.113955,2020
"SWE","SVK",0.22791,2020
"SWE","THA",0.455819,2020
"SWE","TUR",4.444234,2020
"SWE","TWN",0.683728,2020
"USA","SWE",29.053077,2020
"SWE","URY",0.113955,2020
"SWE","ZAF",1.367457,2020
"SVN","SGP",1.367457,2020
"SVK","SGP",0.113955,2020
"USA","SGP",148,2020
"SVN","SVK",0.227909,2020
"SVN","THA",0.113955,2020
"SVN","TUR",7.179148,2020
"SVN","TWN",1.367457,2020
"SVN","USA",14.497843,2020
"SVN","ZAF",0.341864,2020
"USA","SVK",2.316272,2020
"USA","THA",16,2020
"USA","TUR",41,2020
"USA","TWN",30,2020
"USA","VNM",9,2020
"USA","ZAF",22,2020
"BGD","ARE",0.001,2021
"BLR","ARE",0.1211,2021
"RUS","ARE",1.414,2021
"ALB","ITA",0.118266,2021
"BLR","ARM",0.0124,2021
"RUS","ARM",1.09,2021
"ARG","BRA",0.5,2021
"ARG","CAN",0.3,2021
"ARG","CHE",0.6,2021
"ARG","CHL",0.3,2021
"ARG","CHN",0.1,2021
"COL","ARG",9.12,2021
"ARG","DEU",0.1,2021
"ARG","ECU",0.3,2021
"EST","ARG",0.236531,2021
"ESP","ARG",1.065315,2021
"FRA","ARG",1.082657,2021
"GBR","ARG",4.2,2021
"ARG","IRL",0.4,2021
"ARG","ISR",0.1,2021
"ARG","ITA",0.3,2021
"ARG","MEX",2.4,2021
"ARG","NLD",1.2,2021
"ARG","PAN",0.1,2021
"ARG","PER",0.1,2021
"ARG","PRY",0.2,2021
"SWE","ARG",1.182657,2021
"SVK","ARG",0.118266,2021
"ARG","USA",0.6,2021
"ARG","URY",0.8,2021
"BIH","AUT",2.720112,2021
"BEL","AUT",1.182657,2021
"BGR","AUT",1.419189,2021
"BLR","AUT",0.0203,2021
"AUT","CHE",8.278602,2021
"AUT","CHN",2.365315,2021
"AUT","CYP",7.095945,2021
"CZE","AUT",2.956644,2021
"AUT","DEU",179.763927,2021
"DNK","AUT",14.073624,2021
"EST","AUT",3.784504,2021
"AUT","FRA",3.547972,2021
"AUT","GBR",38.92476,2021
"AUT","HUN",3.666238,2021
"AUT","IRL",4.73063,2021
"AUT","ITA",2.838378,2021
"AUT","LUX",1.182657,2021
"AUT","MLT",1.182657,2021
"AUT","NLD",89.054103,2021
"AUT","POL",12.7727,2021
"PRT","AUT",11.826574,2021
"ROU","AUT",9.342994,2021
"RUS","AUT",0.773,2021
"SWE","AUT",0.709595,2021
"AUT","SGP",1.182657,2021
"SVN","AUT",3.90277,2021
"SVK","AUT",21.997428,2021
"AUT","USA",31.767556,2021
"BGD","AUS",0.001,2021
"BEL","AUS",1.182657,2021
"BGR","AUS",2.483581,2021
"DNK","AUS",2.247049,2021
"EST","AUS",1.419189,2021
"ESP","AUS",1.182657,2021
"GBR","AUS",248.9,2021
"HUN","AUS",3.429707,2021
"ITA","AUS",2.601846,2021
"LVA","AUS",1.182657,2021
"MLT","AUS",0.118266,2021
"NLD","AUS",38.199835,2021
"NZL","AUS",14.1,2021
"POL","AUS",2.601846,2021
"ROU","AUS",3.311441,2021
"RUS","AUS",0.199,2021
"SWE","AUS",8.869931,2021
"SVN","AUS",5.321958,2021
"SVK","AUS",0.118266,2021
"USA","AUS",137,2021
"BLR","AZE",0.0036,2021
"RUS","AZE",0.415,2021
"BIH","BEL",0.236531,2021
"BIH","BGR",0.118266,2021
"BIH","CAN",0.118266,2021
"BIH","CHE",1.537455,2021
"BIH","CHN",0.118266,2021
"BIH","CYP",0.118266,2021
"BIH","CZE",0.236531,2021
"BIH","DEU",3.902769,2021
"BIH","DNK",0.118266,2021
"BIH","EST",0.118266,2021
"BIH","FRA",0.354797,2021
"BIH","GBR",1.182657,2021
"BIH","HRV",2.956644,2021
"BIH","HUN",0.118266,2021
"BIH","IRL",0.118266,2021
"BIH","ITA",0.709594,2021
"BIH","LUX",0.118266,2021
"BIH","NLD",0.473063,2021
"BIH","NOR",0.118266,2021
"BIH","POL",0.236531,2021
"BIH","ROU",0.118266,2021
"BIH","RUS",0.046266,2021
"BIH","SWE",0.354797,2021
"BIH","SGP",0.236531,2021
"BIH","SVN",2.365315,2021
"BIH","SVK",0.118266,2021
"BIH","TUR",0.236531,2021
"BIH","USA",1.300923,2021
"BGD","CAN",0.003,2021
"BGD","CHE",0.004,2021
"BGD","CHN",0.016,2021
"BGD","DEU",0.049,2021
"BGD","FIN",0.001,2021
"BGD","FRA",0.02,2021
"BGD","GBR",0.078,2021
"BGD","HKG",0.01,2021
"BGD","IDN",0.001,2021
"BGD","IRL",0.011,2021
"BGD","IND",0.008,2021
"BGD","JPN",0.023,2021
"BGD","KOR",0.001,2021
"BGD","MUS",0.001,2021
"BGD","MYS",0.002,2021
"BGD","NLD",0.012,2021
"BGD","NOR",0.001,2021
"BGD","PHL",0.013,2021
"BGD","POL",0.001,2021
"BGD","SAU",0.001,2021
"BGD","SGP",0.025,2021
"BGD","THA",0.009,2021
"BGD","TUR",0.001,2021
"BGD","USA",0.062,2021
"BGD","ZAF",0.001,2021
"BGR","BEL",6.977679,2021
"BLR","BEL",0.6476,2021
"BEL","CAN",1.182657,2021
"BEL","CHE",24.835806,2021
"BEL","CHN",2.365315,2021
"BEL","CYP",1.182657,2021
"BEL","CZE",1.182658,2021
"DEU","BEL",11.793703,2021
"BEL","DNK",0.354797,2021
"EST","BEL",0.709595,2021
"BEL","ESP",5.913287,2021
"BEL","FIN",3.547973,2021
"GBR","BEL",64.311046,2021
"BEL","GRC",1.655721,2021
"BEL","HKG",1.182657,2021
"BEL","HRV",1.182657,2021
"BEL","HUN",1.892252,2021
"BEL","IRL",15.374546,2021
"ISL","BEL",0.236531,2021
"BEL","ITA",11.590043,2021
"BEL","JPN",2.365315,2021
"BEL","KOR",3.547972,2021
"BEL","LTU",0.82786,2021
"BEL","LUX",11.826574,2021
"BEL","MLT",2.365315,2021
"NLD","BEL",210.867818,2021
"BEL","NOR",1.182657,2021
"BEL","POL",6.031553,2021
"BEL","PRT",2.365315,2021
"ROU","BEL",34.415331,2021
"RUS","BEL",0.975,2021
"SWE","BEL",2.483581,2021
"SVN","BEL",3.784504,2021
"BEL","SVK",2.128784,2021
"BEL","USA",8.114408,2021
"BEL","ZAF",3.547972,2021
"BGR","BRA",0.118266,2021
"BLR","BGR",0.59,2021
"BGR","CAN",1.300923,2021
"BGR","CHE",25.190603,2021
"BGR","CHN",2.128783,2021
"BGR","CYP",54.757038,2021
"BGR","CZE",0.82786,2021
"BGR","DEU",17.297428,2021
"BGR","DNK",15.019749,2021
"EST","BGR",0.236532,2021
"BGR","ESP",61.971249,2021
"BGR","FIN",0.354797,2021
"BGR","FRA",16.084141,2021
"BGR","GBR",113.218693,2021
"GRC","BGR",2.601847,2021
"BGR","HKG",1.773986,2021
"BGR","HRV",0.236532,2021
"BGR","HUN",6.741147,2021
"BGR","IDN",0.118266,2021
"BGR","IRL",67.76627,2021
"BGR","IND",0.118266,2021
"BGR","ISL",0.236531,2021
"BGR","ITA",1.65572,2021
"BGR","JPN",0.118266,2021
"BGR","KOR",0.118266,2021
"BGR","LUX",0.118266,2021
"LVA","BGR",1.182657,2021
"BGR","MLT",0.709594,2021
"BGR","MEX",0.118266,2021
"BGR","MYS",0.118266,2021
"BGR","NLD",50.617737,2021
"BGR","NOR",0.118266,2021
"BGR","NZL",0.118266,2021
"BGR","POL",1.064392,2021
"BGR","PRT",0.354797,2021
"BGR","ROU",0.118266,2021
"BGR","RUS",0.431329,2021
"BGR","SWE",2.010518,2021
"BGR","SGP",2.483581,2021
"BGR","SVN",0.473063,2021
"BGR","SVK",6.268085,2021
"BGR","TUR",0.118266,2021
"BGR","USA",109.406329,2021
"BGR","ZAF",1.773986,2021
"USA","BHR",5,2021
"USA","BMU",6,2021
"USA","BRN",2,2021
"COL","BOL",0.27,2021
"BLR","BRA",0.0038,2021
"COL","BRA",7.48,2021
"DEU","BRA",7.1,2021
"EST","BRA",0.354797,2021
"GBR","BRA",35.8,2021
"ITA","BRA",0.354797,2021
"POL","BRA",0.473063,2021
"PRT","BRA",1.182657,2021
"ROU","BRA",0.236531,2021
"RUS","BRA",0.006,2021
"SWE","BRA",1.300923,2021
"SVN","BRA",0.118266,2021
"USA","BRA",81,2021
"RUS","BHS",0.048,2021
"BLR","CAN",0.0005,2021
"BLR","CHE",0.2452,2021
"BLR","CIV",0.0053,2021
"BLR","CHN",0.032,2021
"BLR","CUW",0.1049,2021
"BLR","CYP",0.4525,2021
"BLR","CZE",0.5913,2021
"BLR","DEU",0.4746,2021
"BLR","DNK",0.013,2021
"BLR","EST",0.0469,2021
"BLR","ESP",0.041,2021
"BLR","FIN",0.0111,2021
"BLR","FRA",0.1632,2021
"BLR","GBR",0.3306,2021
"BLR","HRV",0.0366,2021
"BLR","HUN",0.1485,2021
"BLR","IRL",0.0885,2021
"BLR","ISR",0.0025,2021
"BLR","IND",0.0329,2021
"BLR","ISL",0.0048,2021
"BLR","ITA",0.0372,2021
"BLR","JPN",0.0091,2021
"BLR","KGZ",0.0012,2021
"BLR","KOR",0.0162,2021
"BLR","CYM",0.0007,2021
"BLR","KAZ",0.1027,2021
"BLR","LTU",0.3565,2021
"BLR","LVA",1.1196,2021
"BLR","MDA",0.0043,2021
"BLR","MLT",0.2372,2021
"BLR","NGA",0.0069,2021
"BLR","NLD",8.2581,2021
"BLR","POL",0.4084,2021
"BLR","PSE",0.03,2021
"BLR","PSE",0.03,2021
"BLR","ROU",0.0089,2021
"BLR","SRB",0.0009,2021
"BLR","RUS",3.8209,2021
"BLR","SWE",0.0054,2021
"BLR","SGP",0.2482,2021
"BLR","SVN",0.132,2021
"BLR","SVK",0.1082,2021
"BLR","SLE",0.0815,2021
"BLR","THA",0.085,2021
"BLR","TJK",0.0006,2021
"BLR","TUR",0.0378,2021
"BLR","UKR",0.3656,2021
"BLR","USA",0.6776,2021
"BLR","UZB",0.0072,2021
"BLR","VCT",0.433,2021
"BLR","VEN",0.0008,2021
"RUS","BLZ",0.008,2021
"COL","CAN",5.47,2021
"CZE","CAN",15.492812,2021
"DNK","CAN",2.010518,2021
"EST","CAN",6.149819,2021
"FIN","CAN",1.182657,2021
"FRA","CAN",9.461259,2021
"GBR","CAN",156.8,2021
"HUN","CAN",0.236531,2021
"ISL","CAN",0.236531,2021
"ITA","CAN",0.946126,2021
"LTU","CAN",0.118266,2021
"MLT","CAN",1.182657,2021
"NLD","CAN",387.793367,2021
"POL","CAN",2.601846,2021
"ROU","CAN",34.178799,2021
"RUS","CAN",0.091,2021
"SWE","CAN",3.193175,2021
"SVN","CAN",0.82786,2021
"SVK","CAN",0.118266,2021
"CAN","USA",1192.9,2021
"COL","CHE",4.38,2021
"CZE","CHE",4.257567,2021
"DEU","CHE",128.9,2021
"DNK","CHE",65.046158,2021
"EST","CHE",0.473063,2021
"ESP","CHE",52.036926,2021
"FIN","CHE",1.182657,2021
"GBR","CHE",441.5,2021
"GRC","CHE",0.236531,2021
"HRV","CHE",4.73063,2021
"HUN","CHE",4.494098,2021
"ISL","CHE",3.784504,2021
"ITA","CHE",37.49024,2021
"LTU","CHE",0.473063,2021
"LVA","CHE",1.182657,2021
"MLT","CHE",0.946126,2021
"NLD","CHE",45.768842,2021
"POL","CHE",120.749322,2021
"PRT","CHE",8.278602,2021
"ROU","CHE",81.721628,2021
"RUS","CHE",2.685,2021
"SWE","CHE",17.976393,2021
"SVN","CHE",2.483581,2021
"SVK","CHE",0.946126,2021
"USA","CHE",505,2021
"XKX","CHE",0.591329,2021
"COL","CHL",10.68,2021
"DNK","CHL",0.118266,2021
"EST","CHL",0.118266,2021
"ESP","CHL",3.547972,2021
"GBR","CHL",6.9,2021
"SWE","CHL",0.82786,2021
"CZE","CHN",4.257567,2021
"DEU","CHN",76.9,2021
"DNK","CHN",0.118266,2021
"EST","CHN",0.473063,2021
"GBR","CHN",519.9,2021
"HUN","CHN",2.365315,2021
"ITA","CHN",3.902769,2021
"NLD","CHN",95.440454,2021
"POL","CHN",1.300923,2021
"RUS","CHN",1.631,2021
"SWE","CHN",19.15905,2021
"USA","CHN",198,2021
"COL","CRI",11.94,2021
"COL","DEU",2.23,2021
"COL","DOM",1.37,2021
"COL","ECU",19.06,2021
"COL","ESP",24.07,2021
"COL","FRA",0.15,2021
"COL","GBR",0.55,2021
"COL","GTM",1.49,2021
"COL","HND",1.24,2021
"COL","IRL",12.14,2021
"COL","ITA",0.66,2021
"COL","MEX",18.12,2021
"COL","NIC",0.5,2021
"COL","NLD",0.75,2021
"COL","PAN",5.84,2021
"COL","PER",8.19,2021
"COL","PRY",2.88,2021
"COL","SLV",2.74,2021
"COL","TTO",0.07,2021
"COL","USA",92.08,2021
"COL","URY",0.72,2021
"COL","VEN",3.64,2021
"USA","CRI",2,2021
"CZE","CYP",3.784504,2021
"DNK","CYP",0.946126,2021
"EST","CYP",1.419189,2021
"GRC","CYP",1.892252,2021
"HUN","CYP",0.473063,2021
"LTU","CYP",0.473063,2021
"LVA","CYP",7.095945,2021
"MLT","CYP",0.236531,2021
"NLD","CYP",10.643917,2021
"POL","CYP",5.913287,2021
"ROU","CYP",25.190603,2021
"RUS","CYP",8.132,2021
"SWE","CYP",0.354797,2021
"SVN","CYP",2.365315,2021
"SVK","CYP",2.956644,2021
"USA","CYP",6,2021
"CZE","DEU",16.360534,2021
"CZE","DNK",4.848895,2021
"EST","CZE",0.118265,2021
"CZE","ESP",1.300923,2021
"FIN","CZE",0.236531,2021
"CZE","FRA",4.494098,2021
"CZE","GBR",76.437684,2021
"CZE","GRC",1.892252,2021
"CZE","HKG",0.354797,2021
"CZE","HRV",0.354797,2021
"CZE","HUN",0.591329,2021
"CZE","IRL",29.684701,2021
"CZE","ITA",6.149818,2021
"CZE","LTU",0.591328,2021
"CZE","LUX",9.224728,2021
"LVA","CZE",0.354797,2021
"CZE","MLT",0.82786,2021
"CZE","MYS",5.913287,2021
"NLD","CZE",36.307582,2021
"CZE","NOR",0.591329,2021
"CZE","POL",16.084141,2021
"CZE","PRT",0.236531,2021
"ROU","CZE",3.784504,2021
"CZE","RUS",11.001245,2021
"SWE","CZE",2.838378,2021
"SVN","CZE",0.709594,2021
"CZE","SVK",5.913287,2021
"CZE","TUR",0.236531,2021
"CZE","USA",76.560005,2021
"DNK","DEU",108.567951,2021
"EST","DEU",6.741147,2021
"DEU","EGY",4.7,2021
"ESP","DEU",82.78127,2021
"FIN","DEU",10.643917,2021
"DEU","FRA",276.8,2021
"GBR","DEU",242,2021
"DEU","GRC",4.025091,2021
"DEU","HKG",20.1,2021
"DEU","HRV",0.0346850000000001,2021
"HUN","DEU",6.741147,2021
"ISR","DEU",1.6,2021
"DEU","IND",53.2,2021
"ISL","DEU",0.118266,2021
"DEU","ITA",124.571019,2021
"DEU","JPN",92.3,2021
"LTU","DEU",0.591329,2021
"DEU","LUX",33.1,2021
"LVA","DEU",2.347972,2021
"DEU","MLT",1.2,2021
"DEU","MYS",17.7,2021
"NLD","DEU",516.555678,2021
"DEU","NOR",27.2,2021
"POL","DEU",11.026409,2021
"PRT","DEU",2.409232,2021
"ROU","DEU",183.899173,2021
"SRB","DEU",1.182657,2021
"DEU","RUS",54.034,2021
"SWE","DEU",25.749488,2021
"SVN","DEU",15.830267,2021
"SVK","DEU",8.52842,2021
"DEU","TUR",11.8,2021
"DEU","TWN",7.1,2021
"XKX","DEU",0.118266,2021
"DNK","EST",0.946126,2021
"DNK","ESP",59.842466,2021
"DNK","FIN",28.383778,2021
"DNK","FRA",7.687273,2021
"GBR","DNK",44.752753,2021
"DNK","GRC",1.300924,2021
"DNK","HKG",0.354797,2021
"DNK","HRV",0.473063,2021
"DNK","HUN",2.128784,2021
"DNK","IRL",0.82786,2021
"DNK","IND",0.118266,2021
"DNK","ISL",0.354797,2021
"DNK","ITA",17.266799,2021
"DNK","JPN",1.064392,2021
"LTU","DNK",1.064392,2021
"DNK","LUX",1.064392,2021
"DNK","LVA",1.064392,2021
"DNK","MLT",24.007946,2021
"DNK","MEX",0.473063,2021
"DNK","MYS",0.354797,2021
"NLD","DNK",13.955358,2021
"DNK","NOR",65.637487,2021
"DNK","NZL",0.473063,2021
"DNK","POL",23.534883,2021
"DNK","PRT",1.537455,2021
"ROU","DNK",9.934322,2021
"RUS","DNK",0.483,2021
"DNK","SWE",8.04207,2021
"DNK","SGP",1.064392,2021
"DNK","SVN",0.236531,2021
"DNK","SVK",1.892252,2021
"DNK","THA",0.354797,2021
"DNK","TUR",4.494098,2021
"DNK","USA",14.619023,2021
"DNK","ZAF",3.784504,2021
"USA","DOM",3,2021
"EST","EGY",0.118266,2021
"EST","ESP",5.440224,2021
"EST","FIN",1.892252,2021
"EST","FRA",4.612364,2021
"EST","GBR",28.422156,2021
"EST","GRC",0.236531,2021
"EST","HKG",0.473063,2021
"EST","HRV",0.236531,2021
"EST","HUN",1.65572,2021
"EST","IDN",0.118266,2021
"EST","IRL",4.848895,2021
"EST","IND",0.236531,2021
"EST","ITA",3.193175,2021
"EST","JPN",0.118266,2021
"EST","LTU",6.149818,2021
"EST","LUX",0.591329,2021
"EST","LVA",3.784504,2021
"EST","MLT",2.365315,2021
"EST","MEX",0.236531,2021
"EST","MYS",0.236531,2021
"EST","NGA",0.118266,2021
"EST","NLD",0.82786,2021
"EST","NOR",0.236531,2021
"EST","NZL",0.118266,2021
"EST","PHL",0.236531,2021
"POL","EST",1.300923,2021
"EST","PRT",0.473063,2021
"ROU","EST",30.749093,2021
"EST","RUS",2.264846,2021
"SWE","EST",3.193175,2021
"EST","SGP",5.55849,2021
"EST","SVK",2.365315,2021
"EST","THA",0.473063,2021
"EST","TUR",5.321958,2021
"EST","USA",10.708308,2021
"EST","ZAF",0.236531,2021
"GBR","EGY",22,2021
"GRC","EGY",0.118266,2021
"FIN","ESP",1.182657,2021
"ESP","FRA",43.758324,2021
"ESP","GBR",50.463927,2021
"GRC","ESP",0.118266,2021
"HUN","ESP",1.064392,2021
"ESP","IRL",150.197492,2021
"ISL","ESP",0.118266,2021
"ESP","ITA",5.676756,2021
"ESP","JPN",1.182657,2021
"LTU","ESP",0.236531,2021
"MLT","ESP",0.354797,2021
"ESP","MEX",4.73063,2021
"NLD","ESP",184.494557,2021
"POL","ESP",6.031553,2021
"ESP","PRT",9.461259,2021
"ROU","ESP",9.816057,2021
"SRB","ESP",1.182657,2021
"RUS","ESP",0.544,2021
"SWE","ESP",24.954071,2021
"SVN","ESP",0.354797,2021
"SVK","ESP",0.591329,2021
"ESP","USA",119.773159,2021
"FIN","FRA",2.365315,2021
"GBR","FIN",37.86937,2021
"GRC","FIN",0.118266,2021
"HUN","FIN",0.118266,2021
"FIN","IRL",4.73063,2021
"FIN","IND",1.182657,2021
"ISL","FIN",0.236531,2021
"FIN","ITA",1.064391,2021
"FIN","JPN",1.182657,2021
"FIN","KOR",3.547972,2021
"LTU","FIN",1.182657,2021
"FIN","LVA",1.182657,2021
"NLD","FIN",27.792449,2021
"FIN","NOR",1.182657,2021
"POL","FIN",0.473063,2021
"ROU","FIN",1.182657,2021
"RUS","FIN",0.322,2021
"SWE","FIN",5.440225,2021
"FIN","SGP",1.182657,2021
"SVN","FIN",0.354797,2021
"SVK","FIN",0.354797,2021
"USA","FIN",12.817343,2021
"GBR","FRA",350.7,2021
"GRC","FRA",1.419189,2021
"HUN","FRA",2.720112,2021
"ISR","FRA",3.3,2021
"ISL","FRA",0.236531,2021
"ITA","FRA",16.557204,2021
"LTU","FRA",0.591329,2021
"FRA","MEX",5.913287,2021
"NLD","FRA",483.825149,2021
"POL","FRA",11.708308,2021
"PRT","FRA",4.73063,2021
"ROU","FRA",13.245763,2021
"RUS","FRA",4.303,2021
"SWE","FRA",164.625912,2021
"SVN","FRA",0.946126,2021
"SVK","FRA",0.473063,2021
"FRA","USA",178.760299,2021
"GBR","GRC",10.449258,2021
"GBR","HKG",136.2,2021
"HRV","GBR",1.182657,2021
"HUN","GBR",1.812001,2021
"GBR","IRL",127.9,2021
"ISR","GBR",31.6,2021
"GBR","IND",85.3,2021
"ISL","GBR",2.483581,2021
"GBR","ITA",157.912695,2021
"GBR","JPN",213.2,2021
"GBR","KOR",90.8,2021
"LTU","GBR",0.473063,2021
"GBR","LUX",56.4,2021
"LVA","GBR",3.547972,2021
"GBR","MEX",26.1,2021
"GBR","MYS",27.5,2021
"NLD","GBR",1614.881771,2021
"GBR","NOR",74.3,2021
"GBR","NZL",20.4,2021
"GBR","PHL",8.3,2021
"GBR","PAK",11,2021
"POL","GBR",69.04286,2021
"GBR","PRT",9.621398,2021
"ROU","GBR",173.002305,2021
"SRB","GBR",1.182657,2021
"GBR","RUS",45.4,2021
"GBR","SAU",52.3,2021
"SWE","GBR",8.18585400000001,2021
"GBR","SGP",115.5,2021
"GBR","SVN",2.898154,2021
"SVK","GBR",26.057764,2021
"GBR","TUR",38.5,2021
"GBR","TWN",42.6,2021
"GBR","UKR",5.5,2021
"GBR","USA",1826,2021
"XKX","GBR",0.236531,2021
"GBR","ZAF",49.5,2021
"RUS","GEO",0.139,2021
"GRC","HKG",0.118266,2021
"GRC","HRV",0.118266,2021
"GRC","HUN",0.473063,2021
"GRC","IRL",1.300923,2021
"GRC","ITA",0.118266,2021
"LTU","GRC",0.118266,2021
"GRC","LUX",2.601846,2021
"GRC","MLT",1.182657,2021
"GRC","MYS",0.118266,2021
"NLD","GRC",3.902769,2021
"POL","GRC",0.118265,2021
"GRC","PRT",0.118266,2021
"ROU","GRC",5.55849,2021
"RUS","GRC",0.031,2021
"SWE","GRC",0.236531,2021
"GRC","SVN",0.236531,2021
"GRC","SVK",0.354797,2021
"GRC","TUR",0.473063,2021
"USA","GRC",11.881734,2021
"XKX","GRC",0.118266,2021
"GRC","ZAF",0.354797,2021
"USA","GTM",1,2021
"HRV","HKG",2.365315,2021
"ITA","HKG",0.236531,2021
"LVA","HKG",2.365315,2021
"NLD","HKG",112.825518,2021
"POL","HKG",8.751665,2021
"ROU","HKG",2.128783,2021
"RUS","HKG",1.609,2021
"SWE","HKG",0.236531,2021
"SVN","HKG",2.247049,2021
"USA","HKG",64,2021
"USA","HND",1,2021
"HRV","HUN",0.82786,2021
"HRV","ITA",1.064391,2021
"HRV","NLD",1.182657,2021
"HRV","POL",4.494099,2021
"ROU","HRV",0.709595,2021
"RUS","HRV",0.05,2021
"SWE","HRV",0.946126,2021
"HRV","SVN",0.118265,2021
"SVK","HRV",0.236531,2021
"USA","HRV",1.817343,2021
"HUN","IRL",2.601846,2021
"HUN","ITA",2.365315,2021
"HUN","JPN",2.483581,2021
"HUN","KOR",3.547972,2021
"HUN","LUX",1.537455,2021
"HUN","LVA",0.118266,2021
"HUN","MLT",0.118266,2021
"NLD","HUN",4.73063,2021
"HUN","NOR",0.118266,2021
"POL","HUN",0.82786,2021
"ROU","HUN",11.235245,2021
"RUS","HUN",0.031734,2021
"SWE","HUN",0.473063,2021
"SVN","HUN",0.827861,2021
"SVK","HUN",2.365315,2021
"HUN","TUR",1.537455,2021
"HUN","USA",20.136729,2021
"NLD","IDN",11.826574,2021
"RUS","IDN",0.005,2021
"SWE","IDN",0.709594,2021
"USA","IDN",6,2021
"ISL","IRL",1.65572,2021
"ITA","IRL",19.868645,2021
"LTU","IRL",5.085427,2021
"LVA","IRL",2.365315,2021
"NLD","IRL",1722.185731,2021
"POL","IRL",13.009232,2021
"PRT","IRL",3.547972,2021
"ROU","IRL",57.240619,2021
"SRB","IRL",2.365315,2021
"RUS","IRL",3.52,2021
"SWE","IRL",32.523079,2021
"SVN","IRL",3.429707,2021
"SVK","IRL",15.847609,2021
"IRL","USA",189.225187,2021
"ISR","ITA",1.2,2021
"RUS","ISR",0.547,2021
"USA","ISR",19.2,2021
"ITA","IND",0.236531,2021
"MLT","IND",0.118266,2021
"NLD","IND",41.984338,2021
"POL","IND",5.203693,2021
"ROU","IND",0.236531,2021
"RUS","IND",0.108,2021
"SWE","IND",1.773986,2021
"SVN","IND",0.118266,2021
"SVK","IND",0.118266,2021
"USA","IND",74,2021
"ISL","ITA",0.118266,2021
"NLD","ISL",0.118265,2021
"ISL","PRT",0.118266,2021
"SRB","ISL",1.182657,2021
"RUS","ISL",0.014,2021
"SWE","ISL",0.354797,2021
"ISL","SGP",1.65572,2021
"ISL","USA",0.473063,2021
"ITA","JPN",0.354797,2021
"LTU","ITA",0.354797,2021
"ITA","LUX",1.773986,2021
"ITA","LVA",0.118266,2021
"ITA","MAR",2.365315,2021
"ITA","MLT",0.354797,2021
"NLD","ITA",173.968906,2021
"ITA","NOR",1.419189,2021
"POL","ITA",5.440224,2021
"PRT","ITA",10.407385,2021
"ROU","ITA",45.532311,2021
"SRB","ITA",1.182657,2021
"RUS","ITA",3.407734,2021
"SWE","ITA",18.685988,2021
"ITA","SGP",0.236531,2021
"SVN","ITA",3.429706,2021
"SVK","ITA",0.118266,2021
"ITA","TUR",0.236531,2021
"USA","ITA",25.383549,2021
"ITA","VEN",0.118266,2021
"USA","JOR",3,2021
"MLT","JPN",0.236531,2021
"NLD","JPN",86.570523,2021
"POL","JPN",0.82786,2021
"RUS","JPN",1.426,2021
"SWE","JPN",3.784504,2021
"USA","JPN",357,2021
"XKX","JPN",0.118266,2021
"RUS","KGZ",0.611,2021
"NLD","KOR",127.845267,2021
"POL","KOR",0.236531,2021
"RUS","KOR",0.24,2021
"SWE","KOR",2.956644,2021
"SVN","KOR",0.118266,2021
"USA","KOR",62,2021
"RUS","KAZ",8.9,2021
"RUS","LBN",0.003,2021
"LTU","LUX",0.118266,2021
"LTU","LVA",0.946126,2021
"NLD","LTU",2.483581,2021
"LTU","NOR",3.311441,2021
"POL","LTU",1.182658,2021
"LTU","PRT",0.118266,2021
"ROU","LTU",3.074909,2021
"LTU","RUS",0.623126,2021
"LTU","SWE",13.482295,2021
"LTU","SGP",0.118266,2021
"SVK","LTU",0.236531,2021
"LTU","USA",4.676756,2021
"MLT","LUX",0.354797,2021
"POL","LUX",5.440224,2021
"ROU","LUX",7.923805,2021
"SRB","LUX",1.182657,2021
"RUS","LUX",8.111,2021
"SWE","LUX",1.182657,2021
"SVN","LUX",0.473063,2021
"USA","LUX",22,2021
"LVA","MLT",2.365315,2021
"LVA","NLD",1.419189,2021
"POL","LVA",1.064392,2021
"ROU","LVA",0.709594,2021
"LVA","RUS",0.686657,2021
"LVA","SWE",0.473063,2021
"LVA","SVK",1.182657,2021
"USA","LVA",0.634685,2021
"NLD","MAR",3.193175,2021
"SWE","MAR",0.354797,2021
"RUS","MDA",0.437,2021
"RUS","MKD",0.067,2021
"RUS","MNG",0.014,2021
"NLD","MLT",1.773986,2021
"MLT","NOR",0.946126,2021
"MLT","NZL",0.354797,2021
"POL","MLT",9.106463,2021
"ROU","MLT",18.212924,2021
"SRB","MLT",1.182657,2021
"RUS","MLT",0.044,2021
"SWE","MLT",4.139301,2021
"MLT","SGP",0.118266,2021
"SVN","MLT",0.354797,2021
"MLT","TUR",0.118266,2021
"USA","MLT",5,2021
"POL","MEX",0.82786,2021
"ROU","MEX",0.473063,2021
"RUS","MEX",0.023,2021
"SVN","MEX",0.354797,2021
"USA","MEX",75,2021
"NLD","MYS",0.118266,2021
"RUS","MYS",0.004,2021
"SWE","MYS",0.354797,2021
"SVN","MYS",0.118266,2021
"USA","MYS",21,2021
"SVN","NGA",0.118266,2021
"USA","NGA",5,2021
"NLD","NOR",6.38635,2021
"NLD","NZL",0.82786,2021
"POL","NLD",54.993569,2021
"PRT","NLD",3.547972,2021
"ROU","NLD",48.252422,2021
"SRB","NLD",1.182657,2021
"NLD","RUS",7.288295,2021
"NLD","SWE",83.613879,2021
"NLD","SGP",2.128783,2021
"NLD","SVN",0.236531,2021
"NLD","SVK",24.599274,2021
"NLD","TUR",37.253709,2021
"NLD","TWN",52.155192,2021
"NLD","USA",309.63349,2021
"NLD","ZAF",105.847839,2021
"POL","NOR",2.128783,2021
"ROU","NOR",3.547972,2021
"RUS","NOR",0.087,2021
"SWE","NOR",65.755752,2021
"SVK","NOR",0.118266,2021
"USA","NOR",20,2021
"SWE","NZL",0.354797,2021
"SVN","NZL",0.82786,2021
"USA","NZL",10.4,2021
"USA","OMN",9,2021
"RUS","PAN",0.093,2021
"USA","PAN",2,2021
"RUS","PER",0.002,2021
"USA","PER",8,2021
"ROU","PHL",0.236531,2021
"RUS","PHL",0.155,2021
"USA","PHL",13,2021
"POL","PRT",0.236531,2021
"ROU","POL",4.375833,2021
"POL","RUS",0.66786,2021
"SWE","POL",2.010518,2021
"POL","SGP",6.268084,2021
"SVN","POL",0.827861,2021
"POL","SVK",0.82786,2021
"POL","THA",0.236531,2021
"POL","TUR",0.473063,2021
"POL","USA",73.709824,2021
"POL","ZAF",0.236531,2021
"ROU","PRT",0.709594,2021
"RUS","PRT",0.031,2021
"SWE","PRT",0.709594,2021
"USA","PRT",14.904055,2021
"RUS","ROU",0.112,2021
"ROU","SWE",2.483581,2021
"ROU","SGP",1.65572,2021
"ROU","SVN",4.257567,2021
"ROU","SVK",0.236532,2021
"ROU","TUR",0.709594,2021
"ROU","USA",236.262113,2021
"RUS","SRB",0.089,2021
"SRB","SWE",1.182657,2021
"SRB","SVN",1.182657,2021
"SRB","USA",7.095945,2021
"RUS","SYC",0.013,2021
"SWE","RUS",2.275846,2021
"RUS","SGP",2.929,2021
"SVN","RUS",7.083945,2021
"SVK","RUS",0.216531,2021
"RUS","THA",0.002,2021
"RUS","TJK",0.878,2021
"RUS","TKM",0.121,2021
"RUS","TUR",15.833,2021
"RUS","TWN",0.279,2021
"RUS","UKR",1.003,2021
"USA","RUS",102.168,2021
"RUS","UZB",0.405,2021
"RUS","VNM",0.055,2021
"RUS","ZAF",0.036,2021
"USA","SAU",44,2021
"SWE","SGP",7.21421,2021
"SWE","SVN",0.118266,2021
"SWE","THA",0.473063,2021
"SWE","TUR",0.473063,2021
"SWE","TWN",0.946126,2021
"USA","SWE",7.521564,2021
"SWE","URY",0.118266,2021
"SWE","ZAF",2.601846,2021
"SVN","SGP",0.236531,2021
"SVK","SGP",0.118266,2021
"USA","SGP",335,2021
"SVN","SVK",0.236531,2021
"SVN","TWN",0.118266,2021
"SVN","USA",6.687273,2021
"SVN","ZAF",0.236531,2021
"USA","SVK",1.107748,2021
"USA","SLV",1,2021
"USA","THA",7,2021
"USA","TUR",48,2021
"USA","TWN",22,2021
"USA","VEN",1,2021
"USA","VNM",9,2021
"BGD","ARE",0.001,2022
"GBR","ALB",1.2,2022
"ALB","ITA",0.210331,2022
"ALB","USA",0.210331,2022
"ARG","BRA",0.6,2022
"ARG","CAN",0.5,2022
"ARG","CHE",0.7,2022
"ARG","CHL",0.3,2022
"ARG","CHN",0.1,2022
"COL","ARG",12.32,2022
"CZE","ARG",0.946489,2022
"ARG","DEU",0.3,2022
"EST","ARG",0.105165,2022
"ESP","ARG",0.651655,2022
"FRA","ARG",2.103309,2022
"GBR","ARG",5.2,2022
"ARG","IRL",0.4,2022
"ARG","ITA",0.4,2022
"ARG","MEX",3,2022
"NLD","ARG",110.2444,2022
"ARG","PAN",0.1,2022
"ARG","PER",0.1,2022
"ARG","PRY",0.1,2022
"SWE","ARG",1.272317,2022
"SVN","ARG",0.105165,2022
"SVK","ARG",0.105165,2022
"USA","ARG",18.1,2022
"ARG","URY",0.8,2022
"BIH","AUT",1.577482,2022
"BGD","AUT",0.001,2022
"BEL","AUT",3.154964,2022
"BGR","AUT",1.577482,2022
"AUT","CAN",1.051655,2022
"AUT","CHE",6.309928,2022
"AUT","CHN",1.051655,2022
"AUT","CYP",5.258273,2022
"CZE","AUT",1.892979,2022
"AUT","DEU",191.401146,2022
"DNK","AUT",10.516546,2022
"EST","AUT",3.680791,2022
"AUT","ESP",1.051655,2022
"AUT","FIN",1.051655,2022
"AUT","FRA",4.206619,2022
"AUT","GBR",44.484026,2022
"HRV","AUT",1.051654,2022
"AUT","HUN",12.51469,2022
"AUT","IRL",2.103309,2022
"AUT","ITA",2.31364,2022
"LTU","AUT",0.105165,2022
"AUT","NLD",106.427451,2022
"AUT","POL",31.865136,2022
"ROU","AUT",8.308071,2022
"SRB","AUT",1.051655,2022
"SWE","AUT",1.998143,2022
"AUT","SGP",3.154964,2022
"SVN","AUT",5.573769,2022
"SVK","AUT",23.557064,2022
"TUR","AUT",0.105165,2022
"AUT","USA",23.047624,2022
"AUT","ZAF",1.051655,2022
"BGD","AUS",0.007,2022
"BEL","AUS",1.051655,2022
"BGR","AUS",1.472317,2022
"COL","AUS",0.11,2022
"CZE","AUS",3.891122,2022
"DNK","AUS",1.577482,2022
"EST","AUS",1.577482,2022
"FIN","AUS",5.258273,2022
"GBR","AUS",276.1,2022
"HUN","AUS",3.785957,2022
"ISL","AUS",0.105165,2022
"ITA","AUS",2.208475,2022
"LVA","AUS",3.154964,2022
"NLD","AUS",37.754402,2022
"NZL","AUS",12.1,2022
"POL","AUS",2.944633,2022
"ROU","AUS",5.363439,2022
"SWE","AUS",11.883698,2022
"SVN","AUS",0.525827,2022
"SVK","AUS",0.105165,2022
"USA","AUS",290,2022
"BIH","BEL",0.210331,2022
"BIH","BGR",0.105165,2022
"BIH","CAN",0.105165,2022
"BIH","CHE",1.051655,2022
"BIH","CHN",0.210331,2022
"BIH","CZE",0.210331,2022
"BIH","DEU",2.523971,2022
"BIH","DNK",0.105165,2022
"BIH","FRA",0.210331,2022
"BIH","GBR",1.787813,2022
"BIH","HRV",1.998144,2022
"BIH","HUN",0.105165,2022
"BIH","IRL",0.105165,2022
"BIH","ITA",0.630993,2022
"BIH","JPN",0.105165,2022
"BIH","LUX",0.210331,2022
"BIH","NLD",0.315496,2022
"BIH","NOR",0.210331,2022
"BIH","POL",0.315496,2022
"BIH","SWE",0.315496,2022
"BIH","SVN",1.787813,2022
"BIH","SVK",0.105165,2022
"BIH","TUR",0.105165,2022
"BIH","USA",1.051655,2022
"COL","BRB",0.16,2022
"BGD","CAN",0.001,2022
"BGD","CHE",0.01,2022
"BGD","CHN",0.001,2022
"BGD","DEU",0.048,2022
"BGD","FRA",0.038,2022
"BGD","GBR",0.04,2022
"BGD","HKG",0.001,2022
"BGD","IDN",0.001,2022
"BGD","IRL",0.007,2022
"BGD","IND",0.011,2022
"BGD","ITA",0.004,2022
"BGD","KHM",0.001,2022
"BGD","MDV",0.002,2022
"BGD","MYS",0.002,2022
"BGD","NLD",0.003,2022
"BGD","PHL",0.003,2022
"BGD","RUS",0.002,2022
"BGD","SAU",0.001,2022
"BGD","SGP",0.001,2022
"BGD","THA",0.012,2022
"BGD","USA",0.101,2022
"BGD","ZWE",0.001,2022
"BGR","BEL",8.202906,2022
"BEL","CAN",2.103309,2022
"BEL","CHE",9.464892,2022
"BEL","CHN",2.103309,2022
"BEL","CYP",2.103309,2022
"BEL","CZE",0.315496,2022
"BEL","DEU",41.014531,2022
"BEL","DNK",4.522115,2022
"BEL","ESP",1.051654,2022
"BEL","FIN",2.10331,2022
"BEL","FRA",276.585172,2022
"GBR","BEL",16.70403,2022
"BEL","GRC",2.839468,2022
"BEL","HKG",1.051655,2022
"BEL","HRV",1.051655,2022
"BEL","HUN",1.682647,2022
"BEL","IRL",19.981438,2022
"BEL","IND",1.051655,2022
"ISL","BEL",0.105165,2022
"BEL","ITA",11.778532,2022
"BEL","JPN",2.103309,2022
"BEL","KOR",4.206619,2022
"BEL","LTU",1.892978,2022
"BEL","LUX",14.723165,2022
"BEL","LVA",1.051655,2022
"BEL","MLT",1.051655,2022
"NLD","BEL",126.093392,2022
"BEL","NOR",2.103309,2022
"BEL","POL",5.363439,2022
"BEL","PRT",2.10331,2022
"ROU","BEL",33.86328,2022
"BEL","SWE",1.051654,2022
"SVN","BEL",5.573769,2022
"BEL","SVK",2.103309,2022
"TUR","BEL",0.210331,2022
"BEL","USA",8.22115,2022
"XKX","BEL",0.105165,2022
"BEL","ZAF",3.154964,2022
"BGR","BRA",0.105165,2022
"BGR","CAN",21.664086,2022
"BGR","CHE",29.866992,2022
"BGR","CHN",3.785957,2022
"BGR","CYP",64.992257,2022
"CZE","BGR",0.420661,2022
"BGR","DEU",21.138258,2022
"BGR","DNK",15.564489,2022
"EST","BGR",0.525827,2022
"BGR","ESP",60.364977,2022
"BGR","FIN",0.841324,2022
"BGR","FRA",14.618,2022
"BGR","GBR",138.818413,2022
"GRC","BGR",0.315496,2022
"BGR","HKG",5.153108,2022
"BGR","HRV",0.630992,2022
"BGR","HUN",4.522115,2022
"BGR","IDN",0.105165,2022
"BGR","IRL",58.261667,2022
"BGR","IND",0.210331,2022
"BGR","ITA",1.15682,2022
"BGR","JPN",0.105165,2022
"BGR","KOR",1.577482,2022
"LTU","BGR",1.367151,2022
"BGR","LUX",0.736158,2022
"BGR","MLT",0.525827,2022
"BGR","MEX",0.105165,2022
"BGR","MYS",0.105165,2022
"BGR","NLD",35.651093,2022
"BGR","NOR",1.682647,2022
"BGR","NZL",0.105165,2022
"BGR","POL",0.630993,2022
"BGR","PRT",0.420662,2022
"BGR","RUS",0.420662,2022
"BGR","SWE",1.051654,2022
"BGR","SGP",2.734302,2022
"BGR","SVN",0.315496,2022
"BGR","SVK",4.416949,2022
"BGR","USA",118.571277,2022
"BGR","ZAF",0.736158,2022
"USA","BHR",22,2022
"USA","BMU",12,2022
"USA","BRN",3,2022
"COL","BOL",2.72,2022
"COL","BRA",10.53,2022
"CZE","BRA",0.736158,2022
"EST","BRA",0.105165,2022
"ITA","BRA",2.418806,2022
"NLD","BRA",20.612431,2022
"POL","BRA",2.418806,2022
"PRT","BRA",1.051655,2022
"SWE","BRA",1.787813,2022
"SVN","BRA",0.525827,2022
"SVK","BRA",0.105165,2022
"KAZ","BLR",0.00296,2022
"COL","CAN",2.27,2022
"CZE","CAN",16.616143,2022
"DEU","CAN",90.6,2022
"DNK","CAN",2.418806,2022
"EST","CAN",2.31364,2022
"ESP","CAN",1.051655,2022
"FIN","CAN",2.103309,2022
"FRA","CAN",10.516546,2022
"GBR","CAN",198.4,2022
"ISL","CAN",0.736158,2022
"ITA","CAN",0.736158,2022
"LTU","CAN",0.736158,2022
"NLD","CAN",31.75997,2022
"NZL","CAN",0.1,2022
"POL","CAN",0.630993,2022
"ROU","CAN",30.077323,2022
"SWE","CAN",2.418806,2022
"SVN","CAN",0.420662,2022
"SVK","CAN",0.630993,2022
"CAN","USA",1699.6,2022
"COL","CHE",2.96,2022
"CZE","CHE",9.149395,2022
"DEU","CHE",137.9,2022
"DNK","CHE",97.488386,2022
"EST","CHE",0.736158,2022
"ESP","CHE",18.929784,2022
"FIN","CHE",1.051655,2022
"GBR","CHE",472.1,2022
"HRV","CHE",7.361583,2022
"HUN","CHE",3.260129,2022
"ISL","CHE",15.248992,2022
"ITA","CHE",34.283941,2022
"LTU","CHE",0.946489,2022
"LVA","CHE",1.051655,2022
"NLD","CHE",49.953596,2022
"POL","CHE",125.67273,2022
"PRT","CHE",5.258273,2022
"ROU","CHE",65.728415,2022
"SRB","CHE",1.051655,2022
"SWE","CHE",23.66223,2022
"SVN","CHE",7.046086,2022
"SVK","CHE",0.736158,2022
"USA","CHE",552,2022
"XKX","CHE",0.841324,2022
"COL","CHL",17.78,2022
"CZE","CHL",0.315496,2022
"DNK","CHL",0.105165,2022
"EST","CHL",0.105165,2022
"ESP","CHL",4.206619,2022
"NLD","CHL",148.072974,2022
"POL","CHL",0.210331,2022
"SWE","CHL",1.051655,2022
"COL","CHN",1.9,2022
"CZE","CHN",0.525827,2022
"DNK","CHN",0.105165,2022
"EST","CHN",1.051655,2022
"GBR","CHN",451.1,2022
"HUN","CHN",0.420662,2022
"ITA","CHN",1.892978,2022
"NLD","CHN",84.447868,2022
"POL","CHN",1.577482,2022
"ROU","CHN",0.210331,2022
"SWE","CHN",9.04423,2022
"SVN","CHN",16.510978,2022
"SVK","CHN",0.210331,2022
"USA","CHN",248,2022
"COL","CRI",7.45,2022
"COL","DEU",19.85,2022
"COL","DOM",1.98,2022
"COL","ECU",8.33,2022
"COL","ESP",28.82,2022
"COL","FRA",0.19,2022
"COL","GBR",0.82,2022
"COL","GTM",1.11,2022
"COL","HND",1.39,2022
"COL","IRL",14.64,2022
"COL","LUX",4.87,2022
"COL","MEX",27.52,2022
"COL","NIC",0.75,2022
"COL","NLD",1.07,2022
"COL","PAN",14.57,2022
"COL","PER",8.11,2022
"COL","PRT",1.45,2022
"COL","PRY",4.03,2022
"COL","SGP",0.34,2022
"COL","SLV",2.85,2022
"COL","USA",111.68,2022
"COL","URY",1.73,2022
"COL","VEN",3.33,2022
"USA","CRI",4,2022
"CZE","CYP",12.199194,2022
"DNK","CYP",1.367151,2022
"EST","CYP",3.049798,2022
"GBR","CYP",6.094835,2022
"GRC","CYP",1.367151,2022
"HUN","CYP",0.210331,2022
"ITA","CYP",0.841324,2022
"LTU","CYP",0.420662,2022
"LVA","CYP",7.361583,2022
"NLD","CYP",5.153108,2022
"POL","CYP",4.522115,2022
"PRT","CYP",9.464892,2022
"ROU","CYP",23.241568,2022
"SWE","CYP",14.618,2022
"SVN","CYP",5.57377,2022
"SVK","CYP",2.629137,2022
"USA","CYP",10,2022
"CZE","DEU",40.068042,2022
"CZE","DNK",5.678935,2022
"CZE","EST",0.946489,2022
"CZE","EGY",0.315496,2022
"CZE","ESP",4.732446,2022
"CZE","FIN",0.105165,2022
"CZE","FRA",10.832043,2022
"CZE","GBR",203.00244,2022
"CZE","GRC",2.839468,2022
"CZE","HKG",0.946489,2022
"CZE","HRV",1.892978,2022
"CZE","HUN",1.682647,2022
"CZE","IDN",0.841324,2022
"CZE","IRL",32.075467,2022
"CZE","IND",1.892978,2022
"CZE","ITA",11.147539,2022
"CZE","JPN",0.210331,2022
"CZE","KOR",0.210331,2022
"CZE","LTU",0.736158,2022
"CZE","LUX",8.518403,2022
"CZE","LVA",0.946489,2022
"CZE","MAR",0.841324,2022
"CZE","MLT",0.736158,2022
"CZE","MEX",0.946489,2022
"CZE","MYS",1.577482,2022
"CZE","NGA",0.946489,2022
"NLD","CZE",30.918646,2022
"CZE","NOR",1.15682,2022
"CZE","NZL",0.210331,2022
"CZE","PHL",0.525827,2022
"CZE","POL",13.040517,2022
"CZE","PRT",0.736158,2022
"ROU","CZE",0.630993,2022
"CZE","RUS",1.261986,2022
"SWE","CZE",1.892978,2022
"CZE","SGP",1.682647,2022
"SVN","CZE",0.210331,2022
"CZE","SVK",3.785957,2022
"CZE","THA",2.734302,2022
"CZE","TUR",0.946489,2022
"CZE","TWN",1.051655,2022
"CZE","USA",63.191451,2022
"CZE","URY",0.210331,2022
"CZE","VEN",0.210331,2022
"CZE","ZAF",1.682647,2022
"DNK","DEU",56.054487,2022
"EST","DEU",1.42728,2022
"DEU","EGY",5.3,2022
"ESP","DEU",25.136975,2022
"FIN","DEU",10.516546,2022
"DEU","FRA",290.6,2022
"GBR","DEU",221.3,2022
"DEU","GRC",2.77272,2022
"DEU","HKG",23.2,2022
"HRV","DEU",5.213237,2022
"DEU","HUN",4.129943,2022
"DEU","IDN",8.4,2022
"DEU","IND",77.9,2022
"ISL","DEU",0.420662,2022
"ITA","DEU",21.769251,2022
"DEU","KOR",52.7,2022
"KAZ","DEU",0.06768,2022
"DEU","LTU",1.832849,2022
"DEU","LUX",54.8,2022
"LVA","DEU",1.054964,2022
"DEU","MYS",34.8,2022
"NLD","DEU",810.497254,2022
"DEU","NOR",24.2,2022
"DEU","PHL",8.4,2022
"POL","DEU",19.230028,2022
"DEU","PRT",5.238417,2022
"ROU","DEU",194.674512,2022
"SRB","DEU",1.051655,2022
"SWE","DEU",54.521882,2022
"DEU","SGP",66.3,2022
"SVN","DEU",14.092172,2022
"SVK","DEU",20.465539,2022
"TUR","DEU",2.734302,2022
"DEU","USA",49.4,2022
"XKX","DEU",0.525827,2022
"DEU","ZAF",20,2022
"DNK","EST",2.523971,2022
"ESP","DNK",2.629137,2022
"DNK","FIN",21.979582,2022
"DNK","FRA",4.41695,2022
"GBR","DNK",55.825986,2022
"DNK","GRC",1.682647,2022
"DNK","HKG",1.577482,2022
"DNK","HRV",0.525827,2022
"DNK","HUN",1.892978,2022
"DNK","IRL",2.734302,2022
"DNK","IND",0.105165,2022
"DNK","ISL",0.210331,2022
"ITA","DNK",71.091855,2022
"DNK","JPN",2.839468,2022
"DNK","KOR",0.105165,2022
"LTU","DNK",1.15682,2022
"DNK","LUX",0.841324,2022
"DNK","LVA",1.15682,2022
"DNK","MLT",67.831725,2022
"DNK","MYS",0.105165,2022
"DNK","NGA",0.525827,2022
"NLD","DNK",5.258273,2022
"DNK","NOR",44.695323,2022
"DNK","NZL",0.420662,2022
"DNK","PHL",0.105165,2022
"DNK","POL",15.248993,2022
"DNK","PRT",1.787813,2022
"ROU","DNK",15.669654,2022
"DNK","SWE",17.457467,2022
"DNK","SGP",0.841324,2022
"DNK","SVN",0.105166,2022
"DNK","SVK",2.839468,2022
"DNK","THA",0.105165,2022
"DNK","TUR",5.678935,2022
"DNK","USA",1.322603,2022
"DNK","ZAF",3.154964,2022
"USA","DOM",4,2022
"EST","ESP",5.047942,2022
"EST","FIN",1.577482,2022
"EST","FRA",3.996288,2022
"EST","GBR",22.610575,2022
"EST","GRC",0.315496,2022
"EST","HKG",0.210331,2022
"EST","HRV",0.315496,2022
"EST","HUN",1.367151,2022
"EST","IDN",0.105165,2022
"EST","IRL",3.154964,2022
"EST","IND",0.210331,2022
"EST","ITA",4.522115,2022
"EST","LTU",10.726877,2022
"EST","LUX",0.736158,2022
"EST","LVA",9.149396,2022
"EST","MLT",6.73059,2022
"EST","MEX",0.315496,2022
"EST","MYS",0.105165,2022
"EST","NLD",0.315496,2022
"EST","NOR",0.210331,2022
"EST","NZL",0.210331,2022
"EST","PHL",0.210331,2022
"POL","EST",1.051655,2022
"PRT","EST",1.682647,2022
"ROU","EST",27.658517,2022
"EST","RUS",0.420662,2022
"SWE","EST",2.208475,2022
"EST","SGP",7.992575,2022
"EST","SVN",0.105166,2022
"EST","SVK",1.261986,2022
"EST","THA",0.420662,2022
"EST","TUR",9.04423,2022
"EST","USA",14.300647,2022
"EST","ZAF",0.105165,2022
"GBR","EGY",28.3,2022
"GRC","EGY",0.105165,2022
"ITA","EGY",0.105165,2022
"SWE","EGY",0.210331,2022
"FIN","ESP",1.051655,2022
"ESP","FRA",150.386615,2022
"ESP","GBR",388.124014,2022
"GRC","ESP",0.105165,2022
"HUN","ESP",0.210331,2022
"ESP","IRL",49.427768,2022
"ISL","ESP",0.525827,2022
"ESP","ITA",12.304359,2022
"ESP","JPN",4.206619,2022
"ESP","KOR",2.103309,2022
"LTU","ESP",1.051655,2022
"ESP","MEX",13.67151,2022
"NLD","ESP",193.819952,2022
"POL","ESP",6.309928,2022
"ESP","PRT",15.77482,2022
"ROU","ESP",8.097741,2022
"SWE","ESP",25.555208,2022
"ESP","SGP",2.103309,2022
"SVN","ESP",2.208475,2022
"SVK","ESP",0.630993,2022
"TUR","ESP",0.105165,2022
"ESP","USA",22.593233,2022
"FIN","FRA",3.154964,2022
"GBR","FIN",40.738417,2022
"FIN","HUN",0.94649,2022
"FIN","IRL",6.309928,2022
"FIN","IND",2.103309,2022
"ISL","FIN",0.210331,2022
"FIN","ITA",3.049799,2022
"FIN","JPN",4.206619,2022
"FIN","KOR",2.103309,2022
"LTU","FIN",1.15682,2022
"FIN","LUX",1.051655,2022
"NLD","FIN",45.957308,2022
"FIN","NOR",1.051655,2022
"POL","FIN",0.105165,2022
"ROU","FIN",2.523971,2022
"SRB","FIN",1.051655,2022
"FIN","SWE",6.204763,2022
"FIN","SGP",1.051655,2022
"SVN","FIN",0.420662,2022
"SVK","FIN",0.315496,2022
"USA","FIN",28.793381,2022
"GBR","FRA",341.4,2022
"GRC","FRA",0.420662,2022
"HUN","FRA",1.787813,2022
"ISL","FRA",1.367151,2022
"ITA","FRA",15.143827,2022
"LTU","FRA",0.946489,2022
"FRA","MEX",8.413237,2022
"NLD","FRA",680.736053,2022
"POL","FRA",11.673367,2022
"PRT","FRA",3.154964,2022
"ROU","FRA",29.235999,2022
"SWE","FRA",20.822762,2022
"SVN","FRA",2.418806,2022
"SVK","FRA",0.525827,2022
"TUR","FRA",1.367151,2022
"USA","FRA",87.307488,2022
"XKX","FRA",0.105165,2022
"GBR","GRC",15.005569,2022
"GBR","HKG",138,2022
"HRV","GBR",2.103309,2022
"GBR","HUN",20.053914,2022
"GBR","IDN",14.8,2022
"GBR","IRL",134.4,2022
"GBR","ISR",28.3,2022
"GBR","IND",103.5,2022
"ISL","GBR",4.41695,2022
"GBR","ITA",152.323642,2022
"GBR","JPN",355,2022
"GBR","KOR",101.1,2022
"GBR","LTU",3.74318,2022
"GBR","LUX",70.3,2022
"LVA","GBR",4.206619,2022
"GBR","MEX",25.9,2022
"GBR","MYS",28.3,2022
"NLD","GBR",596.300892,2022
"GBR","NOR",67.8,2022
"GBR","NZL",25.9,2022
"GBR","PHL",11.1,2022
"GBR","PAK",6.2,2022
"POL","GBR",63.776846,2022
"GBR","PRT",3.62849,2022
"ROU","GBR",183.059419,2022
"SRB","GBR",1.051655,2022
"GBR","RUS",24.7,2022
"GBR","SAU",51.8,2022
"GBR","SWE",39.339542,2022
"GBR","SGP",128.2,2022
"SVN","GBR",3.680791,2022
"SVK","GBR",31.845927,2022
"GBR","THA",23.4,2022
"GBR","TUR",19.121871,2022
"GBR","UKR",4.9,2022
"GBR","USA",2232.5,2022
"XKX","GBR",0.105165,2022
"GBR","ZAF",54.2,2022
"GRC","HKG",0.105165,2022
"GRC","HRV",0.315496,2022
"GRC","HUN",0.105165,2022
"GRC","IRL",3.996288,2022
"ISL","GRC",0.105165,2022
"ITA","GRC",6.099597,2022
"LTU","GRC",1.051655,2022
"GRC","LUX",1.051655,2022
"GRC","MLT",0.420662,2022
"NLD","GRC",9.570057,2022
"GRC","NOR",0.105165,2022
"POL","GRC",0.210331,2022
"ROU","GRC",5.57377,2022
"SWE","GRC",0.210331,2022
"SVN","GRC",0.841324,2022
"GRC","TUR",0.210331,2022
"USA","GRC",21.158676,2022
"GRC","ZAF",0.105165,2022
"USA","GTM",2,2022
"HRV","HKG",6.309928,2022
"ITA","HKG",0.315496,2022
"LTU","HKG",0.315496,2022
"LVA","HKG",2.103309,2022
"NLD","HKG",99.276199,2022
"POL","HKG",7.88741,2022
"ROU","HKG",1.051655,2022
"SWE","HKG",0.630993,2022
"SVN","HKG",2.523971,2022
"USA","HKG",118,2022
"USA","HND",2,2022
"HUN","HRV",0.315496,2022
"HRV","ITA",0.94649,2022
"NLD","HRV",14.828331,2022
"HRV","POL",0.841324,2022
"ROU","HRV",1.261985,2022
"SRB","HRV",1.051655,2022
"SWE","HRV",0.315496,2022
"HRV","SVN",1.998144,2022
"SVK","HRV",0.105165,2022
"HRV","USA",1.154964,2022
"HUN","IRL",2.208475,2022
"HUN","ITA",2.839468,2022
"HUN","JPN",3.154964,2022
"HUN","KOR",3.680791,2022
"HUN","LVA",1.787813,2022
"HUN","MLT",1.577482,2022
"NLD","HUN",13.46118,2022
"HUN","NOR",0.105165,2022
"POL","HUN",2.839468,2022
"HUN","PRT",0.105165,2022
"ROU","HUN",9.254561,2022
"HUN","RUS",0.105165,2022
"SWE","HUN",1.787813,2022
"HUN","SVN",0.105165,2022
"SVK","HUN",0.315496,2022
"HUN","TUR",3.049798,2022
"HUN","USA",19.285798,2022
"ITA","IDN",0.105165,2022
"NLD","IDN",21.033093,2022
"SWE","IDN",0.736158,2022
"SVN","IDN",0.315496,2022
"TUR","IDN",0.105165,2022
"USA","IDN",36,2022
"ISL","IRL",3.154964,2022
"ITA","IRL",12.830187,2022
"LTU","IRL",5.153108,2022
"LVA","IRL",4.206619,2022
"POL","IRL",23.557064,2022
"PRT","IRL",5.258273,2022
"ROU","IRL",77.612113,2022
"SRB","IRL",2.103309,2022
"SWE","IRL",112.421882,2022
"IRL","SGP",19.981438,2022
"SVN","IRL",0.525827,2022
"SVK","IRL",17.983294,2022
"TUR","IRL",3.575626,2022
"IRL","USA",164.058125,2022
"USA","ISR",51,2022
"ISL","IND",1.787813,2022
"ITA","IND",0.105165,2022
"NLD","IND",41.540359,2022
"POL","IND",2.944633,2022
"SWE","IND",2.944633,2022
"SVN","IND",3.996288,2022
"SVK","IND",0.210331,2022
"TUR","IND",0.105165,2022
"USA","IND",218,2022
"ISL","ITA",0.525827,2022
"ISL","NLD",0.210331,2022
"ISL","PRT",0.420662,2022
"SRB","ISL",1.051655,2022
"ISL","SWE",0.105166,2022
"ISL","USA",0.946489,2022
"ITA","JPN",1.051655,2022
"LTU","ITA",0.525827,2022
"ITA","LUX",1.682647,2022
"ITA","LVA",0.105165,2022
"ITA","MAR",2.103309,2022
"ITA","MLT",2.103309,2022
"NLD","ITA",115.576845,2022
"ITA","NOR",2.31364,2022
"POL","ITA",5.57377,2022
"PRT","ITA",9.570057,2022
"ROU","ITA",26.922359,2022
"SRB","ITA",1.051655,2022
"ITA","RUS",0.105165,2022
"SWE","ITA",25.555208,2022
"ITA","SGP",1.577482,2022
"SVN","ITA",7.782244,2022
"SVK","ITA",0.315496,2022
"USA","ITA",83.635023,2022
"USA","JOR",12,2022
"NLD","JPN",90.652631,2022
"POL","JPN",1.577482,2022
"SWE","JPN",3.891122,2022
"SVN","JPN",0.841324,2022
"SVK","JPN",0.105165,2022
"TUR","JPN",0.105165,2022
"USA","JPN",509,2022
"KAZ","KGZ",0.04594,2022
"NLD","KOR",141.44755,2022
"POL","KOR",0.210331,2022
"SWE","KOR",3.260129,2022
"SVN","KOR",2.208475,2022
"USA","KOR",150,2022
"KAZ","NLD",0.14676,2022
"KAZ","RUS",2.395,2022
"KAZ","USA",0.0758,2022
"KAZ","UZB",0.05602,2022
"LTU","LUX",0.105165,2022
"LVA","LTU",2.944633,2022
"NLD","LTU",3.891122,2022
"LTU","NOR",3.260129,2022
"PRT","LTU",3.049799,2022
"ROU","LTU",1.682647,2022
"LTU","RUS",0.525827,2022
"LTU","SWE",18.509121,2022
"LTU","USA",2.62728,2022
"NLD","LUX",20.822762,2022
"POL","LUX",4.522115,2022
"ROU","LUX",10.832043,2022
"SRB","LUX",1.051655,2022
"SWE","LUX",1.261986,2022
"SVN","LUX",0.946489,2022
"LVA","NLD",2.31364,2022
"POL","LVA",1.15682,2022
"LVA","ROU",1.051655,2022
"LVA","RUS",1.051655,2022
"SWE","LVA",4.522115,2022
"LVA","SGP",1.051655,2022
"SVN","LVA",0.105165,2022
"USA","LVA",1.845036,2022
"NLD","MAR",0.736158,2022
"SWE","MAR",0.736158,2022
"SVN","MAR",0.105165,2022
"USA","MAR",14,2022
"POL","MLT",8.728734,2022
"ROU","MLT",15.354158,2022
"SRB","MLT",15.77482,2022
"SWE","MLT",1.472317,2022
"SVN","MLT",0.736158,2022
"USA","MLT",5,2022
"NLD","MEX",613.430156,2022
"POL","MEX",0.946489,2022
"ROU","MEX",0.210331,2022
"SWE","MEX",0.630993,2022
"SVN","MEX",0.105165,2022
"SVK","MEX",0.105165,2022
"NLD","MYS",0.105165,2022
"POL","MYS",0.210331,2022
"ROU","MYS",0.210331,2022
"SWE","MYS",0.420662,2022
"SVN","MYS",0.525827,2022
"SVK","MYS",0.105165,2022
"USA","MYS",64,2022
"NLD","NGA",10.411381,2022
"POL","NGA",0.420662,2022
"USA","NGA",22,2022
"USA","NIC",1,2022
"NLD","NOR",6.309928,2022
"NLD","NZL",1.577482,2022
"NLD","PHL",0.420662,2022
"POL","NLD",39.542215,2022
"PRT","NLD",22.084748,2022
"ROU","NLD",41.540359,2022
"SRB","NLD",1.051655,2022
"NLD","RUS",10.516546,2022
"NLD","SWE",107.058443,2022
"NLD","SGP",3.154964,2022
"SVN","NLD",1.472317,2022
"SVK","NLD",5.047942,2022
"NLD","THA",0.841324,2022
"NLD","TUR",31.654805,2022
"NLD","TWN",22.505409,2022
"NLD","USA",117.812792,2022
"NLD","URY",19.665942,2022
"NLD","ZAF",95.279911,2022
"POL","NOR",1.577482,2022
"ROU","NOR",1.892978,2022
"SWE","NOR",58.577164,2022
"SVN","NOR",0.210331,2022
"USA","NOR",67,2022
"SWE","NZL",0.630993,2022
"SVN","NZL",0.210331,2022
"USA","NZL",22.6,2022
"USA","OMN",18,2022
"USA","PER",7,2022
"POL","PHL",0.210331,2022
"SWE","PHL",0.105165,2022
"USA","PHL",34,2022
"POL","PRT",0.210331,2022
"ROU","POL",3.365295,2022
"POL","RUS",0.630993,2022
"SWE","POL",12.619855,2022
"POL","SGP",6.73059,2022
"SVN","POL",1.472316,2022
"POL","SVK",1.682647,2022
"POL","THA",0.210331,2022
"POL","TUR",0.315497,2022
"POL","USA",63.807595,2022
"POL","ZAF",0.420662,2022
"ROU","PRT",0.841324,2022
"SWE","PRT",1.261986,2022
"SVN","PRT",0.210331,2022
"USA","PRT",53.741727,2022
"ROU","RUS",0.210331,2022
"ROU","SWE",4.62728,2022
"ROU","SGP",0.630993,2022
"ROU","SVN",0.420662,2022
"ROU","SVK",0.315497,2022
"ROU","TUR",0.841324,2022
"ROU","USA",360.603098,2022
"SRB","RUS",4.206619,2022
"SRB","SWE",1.051655,2022
"SRB","USA",9.464892,2022
"SWE","RUS",0.105165,2022
"SVN","RUS",0.841324,2022
"SVK","RUS",0.105165,2022
"TUR","RUS",8.308072,2022
"USA","RUS",52,2022
"USA","SAU",69,2022
"SWE","SGP",3.996288,2022
"SVN","SWE",0.315496,2022
"SWE","SVK",0.420662,2022
"SWE","THA",0.525827,2022
"SWE","TUR",0.630993,2022
"SWE","TWN",1.15682,2022
"USA","SWE",28.208793,2022
"SWE","URY",0.105165,2022
"SWE","ZAF",2.944633,2022
"SVN","SGP",1.051655,2022
"SVK","SGP",0.210331,2022
"TUR","SGP",0.315496,2022
"USA","SGP",744,2022
"SVN","SVK",0.105165,2022
"SVN","THA",0.736158,2022
"SVN","TUR",6.099597,2022
"SVN","TWN",0.630993,2022
"SVN","USA",5.468604,2022
"SVN","URY",0.105165,2022
"SVN","ZAF",0.210331,2022
"USA","SVK",1.003712,2022
"USA","SLV",1,2022
"USA","THA",50,2022
"USA","TUR",96.489022,2022
"XKX","TUR",0.210331,2022
"USA","TWN",45,2022
"USA","VEN",1,2022
"USA","VNM",27,2022
"XKX","USA",0.105165,2022
"USA","ZAF",55,2022
"KAZ","ARE",0.00392,2023
"ALB","ITA",0.432509,2023
"ALB","TUR",0.108127,2023
"ALB","USA",0.216255,2023
"KAZ","ARM",0.01313,2023
"ARG","BRA",0.4,2023
"ARG","CAN",0.3,2023
"ARG","CHE",1.1,2023
"ARG","CHL",0.1,2023
"ARG","CHN",0.1,2023
"COL","ARG",74.42,2023
"CZE","ARG",1.297528,2023
"ARG","DEU",0.1,2023
"ARG","ECU",0.2,2023
"EST","ARG",0.108127,2023
"ARG","ESP",0.5,2023
"FRA","ARG",2.162547,2023
"GBR","ARG",5.3,2023
"ARG","IRL",0.3,2023
"ARG","MEX",3.6,2023
"NLD","ARG",234.677009,2023
"ARG","PAN",0.2,2023
"ARG","PER",0.1,2023
"ARG","PRY",0.1,2023
"SWE","ARG",1.081274,2023
"SVK","ARG",0.108127,2023
"ARG","USA",10.5,2023
"ARG","URY",0.8,2023
"BIH","AUT",1.838165,2023
"BEL","AUT",4.325094,2023
"BGR","AUT",2.486929,2023
"AUT","CAN",1.081274,2023
"AUT","CHE",4.325094,2023
"AUT","CHN",1.081274,2023
"AUT","CYP",3.243821,2023
"AUT","CZE",2.378802,2023
"AUT","DEU",198.954344,2023
"DNK","AUT",4.000712,2023
"EST","AUT",6.920151,2023
"AUT","FIN",1.081274,2023
"AUT","FRA",10.812736,2023
"AUT","GBR",43.964436,2023
"GRC","AUT",0.216255,2023
"AUT","HKG",1.081274,2023
"HRV","AUT",2.162547,2023
"AUT","HUN",26.058694,2023
"AUT","IRL",3.243821,2023
"AUT","ITA",1.838165,2023
"AUT","JPN",3.243821,2023
"LTU","AUT",0.108127,2023
"AUT","LUX",2.162547,2023
"AUT","NLD",124.346465,2023
"AUT","POL",33.086972,2023
"ROU","AUT",14.705321,2023
"SRB","AUT",1.081274,2023
"AUT","SWE",0.108127,2023
"AUT","SGP",2.162547,2023
"SVN","AUT",5.838877,2023
"SVK","AUT",29.194387,2023
"AUT","USA",9.551322,2023
"XKX","AUT",0.540637,2023
"BGD","AUS",0.01,2023
"BEL","AUS",1.081274,2023
"BGR","AUS",2.378802,2023
"COL","AUS",0.25,2023
"CZE","AUS",4.433222,2023
"DNK","AUS",1.62191,2023
"EST","AUS",0.973146,2023
"ESP","AUS",1.081274,2023
"FIN","AUS",2.162547,2023
"GBR","AUS",285.9,2023
"HUN","AUS",5.73075,2023
"ISL","AUS",0.108127,2023
"ITA","AUS",0.432509,2023
"LTU","AUS",0.108127,2023
"LVA","AUS",3.243821,2023
"NLD","AUS",40.223378,2023
"NZL","AUS",12.5,2023
"POL","AUS",3.784458,2023
"ROU","AUS",13.083411,2023
"SWE","AUS",9.731462,2023
"SVN","AUS",0.648764,2023
"SVK","AUS",0.216255,2023
"USA","AUS",330,2023
"COL","ABW",0.02,2023
"KAZ","AZE",0.03148,2023
"BIH","BEL",0.216255,2023
"BIH","BGR",0.108127,2023
"BIH","CHE",0.432509,2023
"BIH","CHN",0.108127,2023
"BIH","CYP",0.108127,2023
"BIH","CZE",0.216255,2023
"BIH","DEU",3.135693,2023
"BIH","DNK",0.108127,2023
"BIH","ESP",0.108127,2023
"BIH","FRA",0.324382,2023
"BIH","GBR",1.730038,2023
"BIH","HKG",0.216255,2023
"BIH","HRV",1.297528,2023
"BIH","HUN",0.108127,2023
"BIH","IRL",0.216255,2023
"BIH","ITA",0.540637,2023
"BIH","JPN",0.216255,2023
"BIH","LUX",0.108127,2023
"BIH","NLD",0.540637,2023
"BIH","NOR",0.108127,2023
"BIH","POL",0.216255,2023
"BIH","ROU",0.108127,2023
"BIH","SWE",0.324382,2023
"BIH","SGP",0.108127,2023
"BIH","SVN",1.081274,2023
"BIH","SVK",0.108127,2023
"BIH","TUR",0.108127,2023
"BIH","USA",0.973146,2023
"COL","BRB",0.4,2023
"BGD","BRN",0.004,2023
"BGD","CAN",0.005,2023
"BGD","CHE",0.009,2023
"BGD","CHN",0.152,2023
"BGD","DEU",0.066,2023
"BGD","DNK",0.016,2023
"BGD","ESP",0.001,2023
"BGD","FRA",0.031,2023
"BGD","GBR",0.088,2023
"BGD","HKG",0.007,2023
"BGD","IDN",0.003,2023
"BGD","IRL",0.022,2023
"BGD","IND",0.012,2023
"BGD","JPN",0.006,2023
"BGD","KEN",0.001,2023
"BGD","MYS",0.005,2023
"BGD","NLD",0.018,2023
"BGD","NOR",0.002,2023
"BGD","PHL",0.003,2023
"BGD","QAT",0.001,2023
"BGD","SWE",0.004,2023
"BGD","SGP",0.003,2023
"BGD","THA",0.001,2023
"BGD","USA",0.124,2023
"BGR","BEL",5.622623,2023
"BEL","CAN",2.162547,2023
"BEL","CHE",14.056557,2023
"BEL","CHN",2.162547,2023
"COL","BEL",0.21,2023
"BEL","CYP",3.243821,2023
"BEL","CZE",0.108127,2023
"BEL","DEU",9.74533199999999,2023
"BEL","DNK",7.136406,2023
"EST","BEL",0.324382,2023
"BEL","ESP",5.406368,2023
"BEL","FIN",4.325094,2023
"BEL","FRA",290.8626,2023
"GBR","BEL",1.361036,2023
"BEL","GRC",2.919439,2023
"BEL","HKG",1.081274,2023
"BEL","HRV",2.162547,2023
"BEL","HUN",2.919439,2023
"BEL","IRL",44.332218,2023
"BEL","IND",1.081274,2023
"BEL","ITA",22.166109,2023
"BEL","JPN",3.243821,2023
"BEL","KOR",9.731462,2023
"BEL","LTU",1.838165,2023
"BEL","LUX",17.300378,2023
"BEL","LVA",1.081274,2023
"BEL","MLT",2.162547,2023
"BEL","MEX",18.381651,2023
"NLD","BEL",113.425602,2023
"BEL","NOR",3.243821,2023
"BEL","POL",8.109552,2023
"BEL","PRT",1.081273,2023
"ROU","BEL",36.114539,2023
"SRB","BEL",1.081274,2023
"BEL","SWE",1.621911,2023
"BEL","SGP",1.081274,2023
"SVN","BEL",5.406368,2023
"BEL","SVK",3.243821,2023
"BEL","TUR",6.487642,2023
"USA","BEL",41.561792,2023
"XKX","BEL",0.108127,2023
"BEL","ZAF",5.406368,2023
"BGR","BRA",6.920151,2023
"BGR","CAN",16.975996,2023
"BGR","CHE",28.437496,2023
"BGR","CHL",0.432509,2023
"BGR","CHN",4.973859,2023
"BGR","CYP",54.49619,2023
"CZE","BGR",2.811311,2023
"BGR","DEU",47.035402,2023
"BGR","DNK",20.111689,2023
"BGR","EST",0.973146,2023
"BGR","ESP",75.581025,2023
"BGR","FIN",0.324382,2023
"BGR","FRA",10.704609,2023
"BGR","GBR",177.545126,2023
"BGR","GRC",0.216255,2023
"BGR","HKG",1.297528,2023
"BGR","HRV",4.000712,2023
"BGR","HUN",5.406368,2023
"BGR","IDN",0.108127,2023
"BGR","IRL",65.849563,2023
"BGR","IND",0.324382,2023
"BGR","ITA",1.621911,2023
"LTU","BGR",0.865019,2023
"BGR","LUX",0.973146,2023
"BGR","LVA",0.324382,2023
"BGR","MLT",1.189401,2023
"BGR","MEX",11.569628,2023
"BGR","MYS",0.108127,2023
"BGR","NLD",29.518769,2023
"BGR","NOR",3.135693,2023
"BGR","POL",0.108128,2023
"BGR","PRT",0.540637,2023
"BGR","ROU",2.486929,2023
"BGR","RUS",0.540637,2023
"BGR","SWE",2.162547,2023
"BGR","SGP",4.216967,2023
"BGR","SVN",0.216255,2023
"BGR","SVK",4.757604,2023
"BGR","TUR",0.216255,2023
"BGR","USA",168.246885,2023
"BGR","ZAF",0.756892,2023
"USA","BHR",21,2023
"USA","BMU",13,2023
"COL","BOL",8.11,2023
"COL","BRA",126.48,2023
"CZE","BRA",3.784458,2023
"DEU","BRA",17.3,2023
"EST","BRA",0.432509,2023
"ESP","BRA",1.081274,2023
"GBR","BRA",41,2023
"ITA","BRA",0.108127,2023
"NLD","BRA",22.706746,2023
"POL","BRA",10.272099,2023
"PRT","BRA",1.081274,2023
"SWE","BRA",1.946292,2023
"SVN","BRA",0.540637,2023
"SVK","BRA",0.108127,2023
"TUR","BRA",0.108127,2023
"COL","BHS",0.64,2023
"COL","BLZ",0.16,2023
"COL","CAN",27.99,2023
"CZE","CAN",20.003562,2023
"DNK","CAN",4.973859,2023
"EST","CAN",2.486929,2023
"FIN","CAN",2.162547,2023
"FRA","CAN",14.056557,2023
"GBR","CAN",237.4,2023
"HRV","CAN",1.081274,2023
"ISL","CAN",0.216255,2023
"ITA","CAN",0.865019,2023
"NLD","CAN",45.305364,2023
"POL","CAN",1.62191,2023
"ROU","CAN",4.10884,2023
"SWE","CAN",1.513783,2023
"SVN","CAN",0.756892,2023
"SVK","CAN",1.081274,2023
"USA","CAN",858,2023
"COL","CHE",6.76,2023
"CZE","CHE",13.51592,2023
"DNK","CHE",105.099795,2023
"EST","CHE",2.270675,2023
"ESP","CHE",28.113114,2023
"FIN","CHE",1.081274,2023
"GBR","CHE",498.4,2023
"GRC","CHE",0.540637,2023
"HRV","CHE",11.89401,2023
"HUN","CHE",2.378802,2023
"ISL","CHE",16.975996,2023
"ITA","CHE",5.190113,2023
"LTU","CHE",1.405656,2023
"LVA","CHE",1.081274,2023
"NLD","CHE",12.759029,2023
"POL","CHE",155.703399,2023
"PRT","CHE",4.325094,2023
"ROU","CHE",34.492628,2023
"SRB","CHE",2.162547,2023
"SWE","CHE",7.893297,2023
"SVN","CHE",7.352661,2023
"SVK","CHE",0.216255,2023
"USA","CHE",340,2023
"XKX","CHE",1.297528,2023
"COL","CHL",42.14,2023
"CZE","CHL",0.648764,2023
"ESP","CHL",7.568915,2023
"GBR","CHL",9.9,2023
"NLD","CHL",58.280647,2023
"POL","CHL",0.216255,2023
"SWE","CHL",0.973146,2023
"SVK","CHL",0.108127,2023
"COL","CHN",1.81,2023
"CZE","CHN",1.405656,2023
"DNK","CHN",0.324382,2023
"EST","CHN",0.540637,2023
"ESP","CHN",1.081274,2023
"GBR","CHN",303.3,2023
"HUN","CHN",0.216255,2023
"IRL","CHN",8.650189,2023
"ITA","CHN",68.769001,2023
"NLD","CHN",107.694851,2023
"POL","CHN",2.595057,2023
"ROU","CHN",0.216255,2023
"SWE","CHN",8.001425,2023
"SVN","CHN",17.300378,2023
"SVK","CHN",0.432509,2023
"TUR","CHN",3.67633,2023
"USA","CHN",319,2023
"COL","CRI",13.59,2023
"COL","CUW",0.81,2023
"COL","DEU",25.16,2023
"COL","DNK",0.45,2023
"COL","DOM",6.21,2023
"COL","ECU",21.07,2023
"COL","ESP",62.45,2023
"COL","FRA",11.51,2023
"COL","GBR",48.4,2023
"COL","GTM",7.2,2023
"COL","HKG",0.2,2023
"COL","HND",4.8,2023
"COL","IRL",18.84,2023
"COL","ISR",0.37,2023
"COL","IND",16.23,2023
"COL","ITA",0.3,2023
"COL","JAM",1.43,2023
"COL","LUX",6.4,2023
"COL","MEX",102.35,2023
"COL","NIC",2.22,2023
"COL","NLD",12.78,2023
"COL","NOR",0.54,2023
"COL","PAN",30.41,2023
"COL","PER",20.69,2023
"COL","PRT",9.06,2023
"COL","PRY",3.33,2023
"COL","SWE",1.61,2023
"COL","SGP",6.51,2023
"COL","SLV",7.98,2023
"COL","TTO",0.37,2023
"COL","USA",343.2,2023
"COL","URY",244.19,2023
"COL","VEN",3.71,2023
"USA","CRI",3,2023
"CZE","CYP",14.705321,2023
"DEU","CYP",5.4,2023
"DNK","CYP",2.162547,2023
"EST","CYP",4.433222,2023
"GBR","CYP",6.2,2023
"GRC","CYP",1.189401,2023
"HUN","CYP",0.324382,2023
"ITA","CYP",1.513783,2023
"LTU","CYP",2.378802,2023
"LVA","CYP",8.650189,2023
"NLD","CYP",9.83959,2023
"POL","CYP",3.135693,2023
"PRT","CYP",3.243821,2023
"ROU","CYP",31.248807,2023
"SRB","CYP",1.081274,2023
"SVN","CYP",4.433222,2023
"SVK","CYP",2.811311,2023
"USA","CYP",11,2023
"CZE","DEU",16.512779,2023
"CZE","DNK",12.218391,2023
"CZE","EST",2.486929,2023
"CZE","EGY",0.432509,2023
"CZE","ESP",7.352661,2023
"CZE","FIN",0.432509,2023
"CZE","FRA",14.813448,2023
"CZE","GBR",83.090998,2023
"CZE","GRC",6.16326,2023
"CZE","HKG",2.378802,2023
"CZE","HRV",3.784458,2023
"CZE","HUN",3.568203,2023
"CZE","IDN",0.648764,2023
"CZE","IRL",50.495477,2023
"CZE","IND",0.324382,2023
"CZE","ISL",0.108127,2023
"CZE","ITA",14.813449,2023
"CZE","JPN",0.540637,2023
"CZE","KOR",0.432509,2023
"CZE","LTU",1.081273,2023
"CZE","LUX",13.407793,2023
"CZE","MAR",1.189401,2023
"CZE","MLT",1.081274,2023
"CZE","MEX",1.838165,2023
"CZE","MYS",3.351948,2023
"CZE","NGA",0.973146,2023
"NLD","CZE",89.529454,2023
"CZE","NOR",1.297528,2023
"CZE","NZL",0.216255,2023
"CZE","PHL",1.081274,2023
"CZE","POL",4.216967,2023
"CZE","PRT",1.189401,2023
"CZE","ROU",4.865731,2023
"SRB","CZE",2.162547,2023
"CZE","RUS",0.324382,2023
"SWE","CZE",0.216255,2023
"CZE","SGP",2.919439,2023
"CZE","SVN",0.865019,2023
"CZE","SVK",4.649476,2023
"CZE","THA",3.784458,2023
"CZE","TUR",1.62191,2023
"CZE","TWN",1.946292,2023
"CZE","USA",104.211484,2023
"CZE","URY",0.216255,2023
"CZE","VEN",0.324382,2023
"CZE","ZAF",1.513783,2023
"DNK","DEU",7.613491,2023
"EST","DEU",9.83959,2023
"ESP","DEU",203.279438,2023
"FIN","DEU",7.568915,2023
"GBR","DEU",204,2023
"GRC","DEU",7.167868,2023
"HRV","DEU",0.0250940000000002,2023
"DEU","HUN",2.68408,2023
"DEU","IRL",2036,2023
"ISL","DEU",0.216255,2023
"DEU","ITA",149.740259,2023
"KAZ","DEU",0.37542,2023
"DEU","LTU",3.886217,2023
"DEU","LUX",54.1,2023
"LVA","DEU",4.325094,2023
"DEU","MAR",1.1,2023
"DEU","MLT",2.2,2023
"DEU","MYS",20.5,2023
"NLD","DEU",968.243114,2023
"DEU","NOR",21.6,2023
"POL","DEU",53.523044,2023
"DEU","PRT",9.712358,2023
"ROU","DEU",213.551537,2023
"SRB","DEU",2.162547,2023
"DEU","RUS",8.7,2023
"SWE","DEU",35.638964,2023
"DEU","SGP",66,2023
"SVN","DEU",21.517345,2023
"SVK","DEU",38.659784,2023
"DEU","TUR",32.366778,2023
"DEU","USA",139.2,2023
"XKX","DEU",0.540637,2023
"EST","DNK",0.540637,2023
"ESP","DNK",0.324382,2023
"DNK","FIN",4.216967,2023
"DNK","FRA",17.732887,2023
"GBR","DNK",52.051193,2023
"DNK","GRC",0.865019,2023
"DNK","HKG",2.811311,2023
"DNK","HRV",0.324382,2023
"DNK","HUN",0.756891,2023
"DNK","IRL",5.514495,2023
"DNK","ISL",0.540637,2023
"ITA","DNK",85.853125,2023
"DNK","JPN",4.10884,2023
"LTU","DNK",0.973146,2023
"DNK","LUX",0.973146,2023
"DNK","LVA",1.405656,2023
"DNK","MLT",87.907544,2023
"DNK","NGA",0.324382,2023
"NLD","DNK",17.732887,2023
"DNK","NOR",48.33293,2023
"DNK","NZL",0.108127,2023
"POL","DNK",4.973858,2023
"DNK","PRT",0.324382,2023
"ROU","DNK",9.190826,2023
"DNK","SWE",11.4615,2023
"DNK","SGP",1.297528,2023
"SVN","DNK",0.865019,2023
"DNK","SVK",1.297529,2023
"DNK","TUR",1.62191,2023
"DNK","USA",74.91538,2023
"DNK","ZAF",3.027566,2023
"USA","DOM",6,2023
"EST","ESP",6.16326,2023
"EST","FIN",2.811311,2023
"EST","FRA",9.298953,2023
"EST","GBR",33.627609,2023
"EST","GRC",0.216255,2023
"EST","HKG",0.432509,2023
"EST","HRV",0.432509,2023
"EST","HUN",0.540637,2023
"EST","IDN",0.108127,2023
"EST","IRL",4.649477,2023
"EST","IND",0.108127,2023
"EST","ISL",0.108127,2023
"EST","ITA",11.028991,2023
"EST","JPN",0.108127,2023
"EST","LTU",8.866444,2023
"EST","LUX",0.648764,2023
"EST","LVA",5.73075,2023
"EST","MLT",4.865731,2023
"EST","MEX",0.973146,2023
"EST","MYS",0.108127,2023
"NLD","EST",4.216967,2023
"EST","NOR",0.540637,2023
"EST","NZL",0.108127,2023
"EST","PHL",0.108127,2023
"EST","POL",0.216255,2023
"EST","PRT",0.756892,2023
"EST","RUS",0.108127,2023
"SWE","EST",1.189401,2023
"EST","SGP",2.486929,2023
"EST","SVN",0.432509,2023
"EST","SVK",0.973146,2023
"EST","THA",0.108127,2023
"EST","TUR",8.866444,2023
"EST","USA",28.573189,2023
"EST","ZAF",0.108127,2023
"GBR","EGY",23.6,2023
"GRC","EGY",0.108127,2023
"ITA","EGY",0.108127,2023
"NLD","EGY",0.108127,2023
"ROU","EGY",1.513783,2023
"FIN","ESP",1.081274,2023
"ESP","FRA",347.088828,2023
"ESP","GBR",245.008687,2023
"ESP","GRC",0.973147,2023
"ESP","HUN",0.865019,2023
"ESP","IRL",125.427738,2023
"ISL","ESP",0.324382,2023
"ESP","ITA",34.060119,2023
"ESP","KOR",1.081274,2023
"LTU","ESP",1.189401,2023
"ESP","MAR",1.081274,2023
"ESP","MEX",49.738586,2023
"NLD","ESP",277.887317,2023
"ESP","NOR",1.081274,2023
"POL","ESP",5.29824,2023
"ESP","PRT",38.92585,2023
"ROU","ESP",12.650901,2023
"SWE","ESP",22.923001,2023
"ESP","SGP",2.162547,2023
"SVN","ESP",2.162547,2023
"SVK","ESP",0.648764,2023
"TUR","ESP",0.540637,2023
"USA","ESP",142,2023
"XKX","ESP",0.108127,2023
"FIN","FRA",3.243821,2023
"GBR","FIN",81.593632,2023
"HUN","FIN",0.108127,2023
"FIN","IRL",2.162547,2023
"ISL","FIN",0.216255,2023
"FIN","ITA",1.838165,2023
"FIN","JPN",2.162547,2023
"FIN","KOR",1.081274,2023
"LTU","FIN",1.513783,2023
"FIN","LUX",1.081274,2023
"NLD","FIN",76.662298,2023
"FIN","NOR",1.081274,2023
"POL","FIN",0.865018,2023
"ROU","FIN",3.460076,2023
"SWE","FIN",5.622623,2023
"FIN","SGP",1.081274,2023
"SVN","FIN",0.324382,2023
"FIN","SVK",0.648765,2023
"USA","FIN",28.674906,2023
"GBR","FRA",421.4,2023
"GRC","FRA",0.324382,2023
"HUN","FRA",1.730038,2023
"ISL","FRA",0.648764,2023
"ITA","FRA",14.164684,2023
"KAZ","FRA",0.0041,2023
"LTU","FRA",0.756892,2023
"FRA","MEX",10.812736,2023
"NLD","FRA",923.732042,2023
"POL","FRA",16.219104,2023
"PRT","FRA",6.487642,2023
"ROU","FRA",21.625472,2023
"SWE","FRA",20.436071,2023
"SVN","FRA",2.162547,2023
"SVK","FRA",1.946292,2023
"TUR","FRA",3.027566,2023
"USA","FRA",114.745279,2023
"XKX","FRA",0.108127,2023
"GBR","GRC",7.571009,2023
"HRV","GBR",1.081274,2023
"GBR","HUN",13.931419,2023
"GBR","IDN",18.6,2023
"GBR","IRL",135.5,2023
"GBR","ISR",19.9,2023
"GBR","IND",115.6,2023
"GBR","IRN",3.7,2023
"ISL","GBR",3.892585,2023
"GBR","ITA",250.539881,2023
"GBR","JPN",285.9,2023
"GBR","KOR",105.7,2023
"KAZ","GBR",0.57234,2023
"GBR","LTU",0.87809,2023
"GBR","LUX",74.6,2023
"LVA","GBR",8.650189,2023
"GBR","MEX",28.6,2023
"GBR","MYS",34.8,2023
"GBR","NLD",101.582908,2023
"GBR","NOR",53.4,2023
"GBR","NZL",18.5,2023
"GBR","PHL",18.6,2023
"GBR","PAK",3.7,2023
"POL","GBR",100.30939,2023
"GBR","PRT",2.718349,2023
"ROU","GBR",201.116891,2023
"SRB","GBR",3.243821,2023
"GBR","RUS",6.2,2023
"GBR","SAU",84.5,2023
"GBR","SWE",26.241555,2023
"GBR","SGP",236.2,2023
"SVN","GBR",0.947005,2023
"SVK","GBR",39.250232,2023
"GBR","THA",24.9,2023
"GBR","TUR",31.835316,2023
"GBR","TWN",38.5,2023
"GBR","UKR",3.7,2023
"GBR","USA",1114.8,2023
"XKX","GBR",0.756892,2023
"GBR","ZAF",48.5,2023
"GRC","HKG",0.108127,2023
"GRC","HRV",0.108127,2023
"GRC","HUN",0.108127,2023
"GRC","IRL",6.055132,2023
"ISL","GRC",0.108127,2023
"ITA","GRC",4.757604,2023
"LTU","GRC",0.648764,2023
"GRC","LUX",2.919439,2023
"GRC","MLT",0.648764,2023
"NLD","GRC",16.759741,2023
"POL","GRC",0.432509,2023
"ROU","GRC",6.271387,2023
"SWE","GRC",0.324382,2023
"SVN","GRC",0.865019,2023
"TUR","GRC",0.108128,2023
"USA","GRC",21.161835,2023
"GRC","ZAF",0.216255,2023
"USA","GTM",2,2023
"HRV","HKG",5.406368,2023
"HUN","HKG",0.108127,2023
"ITA","HKG",0.648764,2023
"LVA","HKG",2.162547,2023
"NLD","HKG",160.461003,2023
"POL","HKG",11.137118,2023
"ROU","HKG",1.081274,2023
"SWE","HKG",0.648764,2023
"SVN","HKG",2.486929,2023
"USA","HKG",157,2023
"USA","HND",2,2023
"HUN","HRV",1.405656,2023
"HRV","ITA",0.973147,2023
"HRV","NLD",2.162547,2023
"HRV","POL",0.648765,2023
"HRV","ROU",0.216255,2023
"SWE","HRV",0.324382,2023
"HRV","SGP",1.081274,2023
"SVN","HRV",0.973146,2023
"SVK","HRV",0.108127,2023
"HRV","USA",4.568915,2023
"XKX","HRV",0.324382,2023
"HUN","IRL",1.513783,2023
"HUN","ITA",2.270675,2023
"HUN","JPN",1.730038,2023
"HUN","LUX",0.108127,2023
"HUN","MLT",0.648764,2023
"NLD","HUN",5.298241,2023
"HUN","NOR",0.108127,2023
"POL","HUN",3.67633,2023
"ROU","HUN",7.568915,2023
"SRB","HUN",2.162547,2023
"SWE","HUN",1.513783,2023
"SVN","HUN",0.324382,2023
"SVK","HUN",0.540637,2023
"HUN","TUR",6.16326,2023
"HUN","USA",2.760453,2023
"NLD","IDN",23.031128,2023
"SWE","IDN",0.432509,2023
"SVN","IDN",0.432509,2023
"USA","IDN",57,2023
"ISL","IRL",1.405656,2023
"ITA","IRL",18.706033,2023
"IRL","JPN",2.162547,2023
"LTU","IRL",5.947005,2023
"LVA","IRL",2.162547,2023
"NLD","IRL",1107.116045,2023
"POL","IRL",35.24952,2023
"PRT","IRL",3.243821,2023
"ROU","IRL",143.80939,2023
"SRB","IRL",2.162547,2023
"SWE","IRL",189.655391,2023
"IRL","SGP",19.462925,2023
"SVN","IRL",0.756892,2023
"SVK","IRL",26.274949,2023
"TUR","IRL",10.920863,2023
"USA","IRL",211,2023
"XKX","IRL",0.108127,2023
"USA","ISR",57,2023
"ITA","IND",0.324382,2023
"LTU","IND",0.108127,2023
"NLD","IND",40.439633,2023
"POL","IND",2.811311,2023
"ROU","IND",0.216255,2023
"SWE","IND",2.270675,2023
"SVN","IND",3.67633,2023
"SVK","IND",0.432509,2023
"TUR","IND",0.324382,2023
"USA","IND",311,2023
"ISL","ITA",0.324382,2023
"ISL","NLD",0.108127,2023
"ISL","NOR",0.108127,2023
"ISL","PRT",0.216255,2023
"SWE","ISL",0.324382,2023
"SVN","ISL",0.108127,2023
"ISL","USA",4.649477,2023
"ITA","JPN",0.756892,2023
"LTU","ITA",0.324382,2023
"ITA","LUX",5.190113,2023
"ITA","MAR",2.378802,2023
"ITA","MLT",1.730038,2023
"ITA","MEX",0.540637,2023
"ITA","NGA",0.108127,2023
"NLD","ITA",182.410857,2023
"ITA","NOR",0.865019,2023
"ITA","PHL",0.216255,2023
"POL","ITA",4.325094,2023
"PRT","ITA",8.866443,2023
"ROU","ITA",20.327944,2023
"SRB","ITA",1.081274,2023
"ITA","RUS",0.216255,2023
"SWE","ITA",22.274236,2023
"ITA","SGP",0.216255,2023
"SVN","ITA",12.759029,2023
"ITA","SVK",0.324383,2023
"ITA","TUR",0.324383,2023
"USA","ITA",116.619061,2023
"XKX","ITA",0.108127,2023
"ITA","ZAF",0.432509,2023
"USA","JOR",13,2023
"NLD","JPN",184.465277,2023
"POL","JPN",1.405656,2023
"ROU","JPN",1.297528,2023
"SWE","JPN",2.703184,2023
"SVN","JPN",0.756892,2023
"SVK","JPN",0.108127,2023
"TUR","JPN",0.108127,2023
"USA","JPN",745,2023
"KAZ","KGZ",0.14509,2023
"NLD","KOR",125.319611,2023
"POL","KOR",0.216255,2023
"SWE","KOR",20.436071,2023
"SVN","KOR",2.05442,2023
"USA","KOR",215,2023
"KAZ","NLD",0.1141,2023
"KAZ","POL",0.03958,2023
"KAZ","RUS",1.60739,2023
"KAZ","TUR",0.0338,2023
"KAZ","UZB",0.04418,2023
"LTU","LUX",0.216255,2023
"LTU","LVA",0.540637,2023
"LTU","MLT",11.785882,2023
"LTU","NLD",6.271387,2023
"LTU","NOR",3.568203,2023
"POL","LTU",0.216255,2023
"LTU","PRT",0.108127,2023
"LTU","ROU",0.108127,2023
"SRB","LTU",9.731462,2023
"LTU","SWE",19.787307,2023
"SVN","LTU",0.108127,2023
"LTU","SVK",0.108128,2023
"LTU","USA",1.135693,2023
"POL","LUX",7.893297,2023
"ROU","LUX",7.893297,2023
"SRB","LUX",1.081274,2023
"SWE","LUX",4.541349,2023
"SVN","LUX",0.865019,2023
"LVA","MLT",1.081274,2023
"NLD","LVA",0.865018,2023
"POL","LVA",1.405656,2023
"LVA","ROU",1.081274,2023
"LVA","SWE",0.648765,2023
"LVA","SGP",2.162547,2023
"USA","LVA",2.593632,2023
"NLD","MAR",2.811311,2023
"SWE","MAR",0.540637,2023
"SVN","MAR",0.108127,2023
"SVK","MAR",0.108127,2023
"USA","MAR",14,2023
"POL","MLT",10.272099,2023
"ROU","MLT",19.462925,2023
"SRB","MLT",10.812736,2023
"SWE","MLT",6.595769,2023
"SVN","MLT",1.081274,2023
"NLD","MEX",771.488718,2023
"POL","MEX",1.189401,2023
"ROU","MEX",0.216255,2023
"SWE","MEX",1.081274,2023
"SVK","MEX",0.108127,2023
"USA","MEX",117,2023
"NLD","MYS",0.324382,2023
"ROU","MYS",0.216255,2023
"SWE","MYS",0.324382,2023
"SVN","MYS",0.648764,2023
"SVK","MYS",0.432509,2023
"USA","MYS",80,2023
"NLD","NGA",11.245246,2023
"USA","NGA",28,2023
"NLD","NZL",3.892585,2023
"NLD","PHL",0.540637,2023
"POL","NLD",46.494765,2023
"PRT","NLD",12.975283,2023
"ROU","NLD",122.400172,2023
"NLD","RUS",12.867156,2023
"NLD","SWE",104.126649,2023
"NLD","SGP",6.487642,2023
"NLD","SVN",6.703896,2023
"SVK","NLD",0.216255,2023
"NLD","THA",1.62191,2023
"NLD","TUR",41.196524,2023
"NLD","TWN",23.571765,2023
"NLD","USA",89.979491,2023
"NLD","URY",21.30109,2023
"XKX","NLD",0.216255,2023
"NLD","ZAF",125.427738,2023
"POL","NOR",4.000712,2023
"ROU","NOR",2.162547,2023
"SWE","NOR",49.306076,2023
"SVN","NOR",0.324382,2023
"SVK","NOR",0.108127,2023
"USA","NOR",72,2023
"SWE","NZL",0.648764,2023
"NZL","SGP",0.1,2023
"SVN","NZL",0.324382,2023
"NZL","USA",12.2,2023
"USA","OMN",20,2023
"USA","PAN",26,2023
"USA","PER",8,2023
"ROU","PHL",0.216255,2023
"SWE","PHL",0.108127,2023
"USA","PHL",40,2023
"POL","PRT",0.973146,2023
"ROU","POL",1.730038,2023
"SWE","POL",4.54135,2023
"POL","SGP",10.272099,2023
"SVN","POL",1.513783,2023
"POL","SVK",1.730037,2023
"POL","THA",0.216255,2023
"POL","TUR",0.216255,2023
"POL","USA",120.02137,2023
"XKX","POL",0.108127,2023
"POL","ZAF",0.216255,2023
"ROU","PRT",1.513783,2023
"SWE","PRT",1.838165,2023
"SVN","PRT",0.216255,2023
"SVK","PRT",0.216255,2023
"USA","PRT",54.918726,2023
"SWE","ROU",0.432509,2023
"ROU","SGP",15.786595,2023
"SVN","ROU",0.216254,2023
"ROU","SVK",0.540637,2023
"ROU","TUR",0.432509,2023
"ROU","USA",277.483798,2023
"SRB","SWE",1.081274,2023
"SRB","SVN",1.081274,2023
"SRB","TUR",1.081274,2023
"SRB","USA",14.056557,2023
"SVN","RUS",0.432509,2023
"SVK","RUS",0.108127,2023
"USA","SAU",92,2023
"SWE","SGP",3.351948,2023
"SVN","SWE",0.108128,2023
"SWE","SVK",0.540637,2023
"SWE","THA",0.324382,2023
"SWE","TUR",0.756892,2023
"SWE","TWN",1.62191,2023
"SWE","USA",41.737161,2023
"SWE","URY",0.216255,2023
"XKX","SWE",0.108127,2023
"SWE","ZAF",1.730038,2023
"SVN","SGP",1.081274,2023
"SVK","SGP",0.324382,2023
"TUR","SGP",3.351948,2023
"USA","SGP",1116,2023
"SVN","SVK",0.108127,2023
"SVN","THA",0.540637,2023
"SVN","TUR",5.622623,2023
"SVN","TWN",0.648764,2023
"SVN","USA",2.190113,2023
"SVN","URY",0.108127,2023
"XKX","SVN",0.216255,2023
"SVN","ZAF",0.108127,2023
"USA","SVK",3.94558,2023
"SVK","ZAF",0.108127,2023
"USA","SLV",1,2023
"USA","THA",46,2023
"TUR","USA",20.003562,2023
"USA","TWN",58,2023
"USA","VEN",1,2023
"USA","VNM",38,2023
"XKX","USA",1.513783,2023
"USA","ZAF",62,2023
